Workbook
Name CoStarAddress: '[1]Raw Rents'!$AL$4:$AL$999
Name CoStarCity: '[1]Raw Rents'!$AW$4:$AW$999
Name CoStarCount: '[1]Raw Rents'!$AA$4:$AA$999
Name CoStarRent: '[1]Raw Rents'!$AE$4:$AE$999
Name CoStarRentName: '[1]Raw Rents'!$W$4:$W$999
Name CoStarRUBSRent: '[1]Raw Rents'!$AJ$4:$AJ$999
Name CoStarSaleAddress: '[1]Sale Comps'!$Y$3:$Y$100
Name CoStarSaleAvgUnitSize: '[1]Sale Comps'!$BN$3:$BN$100
Name CoStarSaleCity: '[1]Sale Comps'!$Z$3:$Z$100
Name CoStarSaleCompLookup: '[1]Sale Comps'!$W$3:$W$100
Name CoStarSaleDate: '[1]Sale Comps'!$AG$3:$AG$100
Name CoStarSaleName: '[1]Sale Comps'!$BO$3:$BO$100
Name CoStarSalePriceTotal: '[1]Sale Comps'!$AE$3:$AE$100
Name CoStarSaleState: '[1]Sale Comps'!$AA$3:$AA$100
Name CoStarSaleUnits: '[1]Sale Comps'!$AC$3:$AC$100
Name CoStarSaleYearBuilt: '[1]Sale Comps'!$AV$3:$AV$100
Name CoStarSaleZipcodes: '[1]Sale Comps'!$X$3:$X$100
Name CoStarSize: '[1]Raw Rents'!$Z$4:$Z$999
Name CoStarState: '[1]Raw Rents'!$AX$4:$AX$999
Name CoStarUnit: '[1]Raw Rents'!$X$4:$X$999
Name CoStarYearBuilt: '[1]Raw Rents'!$BN$4:$BN$999
Name CoStarZip: '[1]Raw Rents'!$AY$4:$AY$999
Name expandedMonths: [1]Yields!$B$25:$B$384
Name expandedYC: [1]Yields!$C$25:$C$384
Name Filepath: '[1]Agency-Data'!$C$1
Name filesource: [1]Validation!$F$2
Name lookuptype: '[1]Rent Comparison'!$BN$3:$BN$25
Name months_per_period: 12/periods_per_year
Name mpp: 12/ppy
Name nper: term*periods_per_year
Name OrgininationMax: '[1]Agency Loan-Sale Comps'!$F$5
Name OriginationMin: '[1]Agency Loan-Sale Comps'!$F$4
Name periods: yrs*ppy
Name PriorCapRateOriginMax: '[1]Agency Loan-Sale Comps'!#REF!
Name PriorCapRateOriginMin: '[1]Agency Loan-Sale Comps'!#REF!
Name PropertySizeMax: '[1]Agency Loan-Sale Comps'!$J$5
Name PropertySizeMin: '[1]Agency Loan-Sale Comps'!$J$4
Name QueryRegion: '[1]Agency Loan-Sale Comps'!$S$3
Name rediq_address1: [1]Master!$B$2
Name rediq_city: [1]Master!$B$3
Name rediq_dealname: [1]Master!$B$1
Name rediq_state: [1]Master!$C$3
Name rediq_zip: [1]Master!$D$3
Name reflink: [1]MasterDealList!$BH$4
Name RegionOriginMax: '[1]Agency Loan-Sale Comps'!$U$5
Name RegionOriginMin: '[1]Agency Loan-Sale Comps'!$U$4
Name RegionSizeMax: '[1]Agency Loan-Sale Comps'!$Y$5
Name RegionSizeMin: '[1]Agency Loan-Sale Comps'!$Y$4
Name RegionYearMax: '[1]Agency Loan-Sale Comps'!$W$5
Name RegionYearMin: '[1]Agency Loan-Sale Comps'!$W$4
Name rrInPlaceRent: '[1]redIQ RR'!$L$9:$L$2000
Name rrMarketRent: '[1]redIQ RR'!$K$9:$K$2000
Name rrUnitBathCount: '[1]redIQ RR'!$G$9:$G$2000
Name rrUnitBedCount: '[1]redIQ RR'!$F$9:$F$2000
Name rrUnitFloorPlan: '[1]redIQ RR'!$D$9:$D$2000
Name rrUnitSF: '[1]redIQ RR'!$E$9:$E$2000
Name valuevx: 42.314159
Name YardiAddress: '[1]Raw Rents'!$E$4:$E$999
Name YardiCity: '[1]Raw Rents'!$F$4:$F$999
Name YardiCount: '[1]Raw Rents'!$N$4:$N$999

Sheet Comparable Grid
L1: DATA SOURCE: | M1: Automatic | N1: Primary Source | AF1: Dropdown Validation:
L2: Include (x) | M2: Comment | N2: Primary Source | O2: Property Name | P2: Base $/Unit | Q2: Address | R2: City | S2: State | T2: Zip | U2: # Units | V2: Distance (miles) | W2: Avg. Unit Size | X2: Year Built | Y2: Sale Price | Z2: Sale Date | AA2: Agency Pricing Data | AB2: CoStar Pricing Data | AC2: Yardi Pricing Data | AD2: Lookup Hook | AE2: helper ref | AG2: Exterior Quality: | AH2: Rank | AJ2: Amenity | AK2: Rank | AM2: Interior | AN2: Rank | AP2: Location | AQ2: Rank
L3: x | M3: =IF($M$1="Manual",IF(Y3="","No Sale Price Disclosed!",""),"") | N3: {=IF($M$1="Manual",IF(AA3<>"","Freddie/Fannie",IF(AB3<>"","CoStar",IF(AC3<>"","Yardi","N/A"))),INDEX([1]!Output_Analysis_Data__2[Info Source],ROW()-2))} -> Yardi | O3: {=IF($M$1="Manual",'[1]Sale Comps'!BY3,INDEX([1]!Output_Analysis_Data__2[Property Name],ROW()-2))} -> Wind Rush | P3: =IFERROR(Y3/U3,"") -> 111510.79 | Q3: {=IF($M$1="Manual",IFERROR(INDEX(CoStarSaleAddress,MATCH(O3,CoStarSaleName,0)),INDEX(YardiSaleAddress,MATCH(O3,YardiSaleName,0))),INDEX([1]!Output_Analysis_Data__2[Property Address],ROW()-2))} -> 3500 Renzel Blvd | R3: {=IF($M$1="Manual",IFERROR(INDEX(CoStarSaleCity,MATCH(O3,CoStarSaleName,0)),INDEX(YardiSaleCity,MATCH(O3,YardiSaleName,0))),INDEX([1]!Output_Analysis_Data__2[City],ROW()-2))} -> Fort Worth | S3: {=IF($M$1="Manual",IFERROR(INDEX(CoStarSaleState,MATCH(O3,CoStarSaleName,0)),INDEX(YardiSaleState,MATCH(O3,YardiSaleName,0))),INDEX([1]!Output_Analysis_Data__2[State],ROW()-2))} -> TX | T3: {=IF($M$1="Manual",IFERROR(INDEX(CoStarSaleZipcodes,MATCH(O3,CoStarSaleName,0)),INDEX(YardiSaleZipcodes,MATCH(O3,YardiSaleName,0))),INDEX([1]!Output_Analysis_Data__2[ZIP],ROW()-2))} -> 76116 | U3: {=IF($M$1="Manual",IFERROR(INDEX(CoStarSaleUnits,MATCH(O3,CoStarSaleName,0)),INDEX(YardiSaleUnits,MATCH(O3,YardiSaleName,0))),INDEX([1]!Output_Analysis_Data__2[Unit Count],ROW()-2))} -> 278 | V3: {=IF($M$1="Manual","",INDEX([1]!Output_Analysis_Data__2[Distance (mi.)],ROW()-2))} -> 1.7223775 | W3: {=IF($M$1="Manual",IFERROR(INDEX(CoStarSaleAvgUnitSize,MATCH(O3,CoStarSaleName,0)),INDEX(YardiSaleAvgUnitSize,MATCH(O3,YardiSaleName,0))),INDEX([1]!Output_Analysis_Data__2[Avg Unit SF],ROW()-2))} -> 799 | X3: {=IF($M$1="Manual",IFERROR(INDEX(CoStarSaleYearBuilt,MATCH(O3,CoStarSaleName,0)),INDEX(YardiSaleYearBuilt,MATCH(O3,YardiSaleName,0))),INDEX([1]!Output_Analysis_Data__2[Year Built],ROW()-2))} -> 1984 | Y3: {=IF($M$1="Manual",IF(AA3<>"",AA3,IF(AB3<>"",AB3,IF(AC3<>"",AC3,""))),INDEX([1]!Output_Analysis_Data__2[Sold Price],ROW()-2))} -> 31000000 | Z3: {=IF($M$1="Manual",IFERROR(INDEX(CoStarSaleDate,MATCH(O3,CoStarSaleName,0)),INDEX(YardiSaleDate,MATCH(O3,YardiSaleName,0))),INDEX([1]!Output_Analysis_Data__2[Sale Date],ROW()-2))} -> 45849 | AA3: =IFERROR(INDEX('[1]Agency Loan-Sale Comps'!$J$16:$J$37,MATCH('Comparable Grid'!AD3,'[1]Agency Loan-Sale Comps'!$A$16:$A$37,0),0),"") | AB3: =IFERROR(IF(INDEX(CoStarSalePriceTotal,MATCH(AD3,CoStarSaleCompLookup,0),0)=0,"",INDEX(CoStarSalePriceTotal,MATCH(AD3,CoStarSaleCompLookup,0),0)),"") | AC3: =IFERROR(IF(INDEX(YardiSalePriceTotal,MATCH(AD3,YardiSaleCompLookup,0),0)=0,"",INDEX(YardiSalePriceTotal,MATCH(AD3,YardiSaleCompLookup,0),0)),"") | AD3: =LEFT(Q3,FIND(" ",Q3,1)) -> 3500 | AE3: =IF($L3="x","x","") -> x | AG3: Deminished | AH3: 1 | AJ3: Inferior | AK3: 1 | AM3: Basic | AN3: 1 | AP3: Below Average | AQ3: 1
L4: x | M4: =IF($M$1="Manual",IF(Y4="","No Sale Price Disclosed!",""),"") | N4: {=IF($M$1="Manual",IF(AA4<>"","Freddie/Fannie",IF(AB4<>"","CoStar",IF(AC4<>"","Yardi","N/A"))),INDEX([1]!Output_Analysis_Data__2[Info Source],ROW()-2))} -> Yardi | O4: {=IF($M$1="Manual",'[1]Sale Comps'!BY4,INDEX([1]!Output_Analysis_Data__2[Property Name],ROW()-2))} -> Falls & Oak Village, The | P4: =IFERROR(Y4/U4,"") -> 101414.63 | Q4: {=IF($M$1="Manual",IFERROR(INDEX(CoStarSaleAddress,MATCH(O4,CoStarSaleName,0)),INDEX(YardiSaleAddress,MATCH(O4,YardiSaleName,0))),INDEX([1]!Output_Analysis_Data__2[Property Address],ROW()-2))} -> 9001 South Normandale Street | R4: {=IF($M$1="Manual",IFERROR(INDEX(CoStarSaleCity,MATCH(O4,CoStarSaleName,0)),INDEX(YardiSaleCity,MATCH(O4,YardiSaleName,0))),INDEX([1]!Output_Analysis_Data__2[City],ROW()-2))} -> Fort Worth | S4: {=IF($M$1="Manual",IFERROR(INDEX(CoStarSaleState,MATCH(O4,CoStarSaleName,0)),INDEX(YardiSaleState,MATCH(O4,YardiSaleName,0))),INDEX([1]!Output_Analysis_Data__2[State],ROW()-2))} -> TX | T4: {=IF($M$1="Manual",IFERROR(INDEX(CoStarSaleZipcodes,MATCH(O4,CoStarSaleName,0)),INDEX(YardiSaleZipcodes,MATCH(O4,YardiSaleName,0))),INDEX([1]!Output_Analysis_Data__2[ZIP],ROW()-2))} -> 76116 | U4: {=IF($M$1="Manual",IFERROR(INDEX(CoStarSaleUnits,MATCH(O4,CoStarSaleName,0)),INDEX(YardiSaleUnits,MATCH(O4,YardiSaleName,0))),INDEX([1]!Output_Analysis_Data__2[Unit Count],ROW()-2))} -> 410 | V4: {=IF($M$1="Manual","",INDEX([1]!Output_Analysis_Data__2[Distance (mi.)],ROW()-2))} -> 1.963263 | W4: {=IF($M$1="Manual",IFERROR(INDEX(CoStarSaleAvgUnitSize,MATCH(O4,CoStarSaleName,0)),INDEX(YardiSaleAvgUnitSize,MATCH(O4,YardiSaleName,0))),INDEX([1]!Output_Analysis_Data__2[Avg Unit SF],ROW()-2))} -> 878 | X4: {=IF($M$1="Manual",IFERROR(INDEX(CoStarSaleYearBuilt,MATCH(O4,CoStarSaleName,0)),INDEX(YardiSaleYearBuilt,MATCH(O4,YardiSaleName,0))),INDEX([1]!Output_Analysis_Data__2[Year Built],ROW()-2))} -> 1974 | Y4: {=IF($M$1="Manual",IF(AA4<>"",AA4,IF(AB4<>"",AB4,IF(AC4<>"",AC4,""))),INDEX([1]!Output_Analysis_Data__2[Sold Price],ROW()-2))} -> 41580000 | Z4: {=IF($M$1="Manual",IFERROR(INDEX(CoStarSaleDate,MATCH(O4,CoStarSaleName,0)),INDEX(YardiSaleDate,MATCH(O4,YardiSaleName,0))),INDEX([1]!Output_Analysis_Data__2[Sale Date],ROW()-2))} -> 45702 | AA4: =IFERROR(INDEX('[1]Agency Loan-Sale Comps'!$J$16:$J$37,MATCH('Comparable Grid'!AD4,'[1]Agency Loan-Sale Comps'!$A$16:$A$37,0),0),"") | AB4: =IFERROR(IF(INDEX(CoStarSalePriceTotal,MATCH(AD4,CoStarSaleCompLookup,0),0)=0,"",INDEX(CoStarSalePriceTotal,MATCH(AD4,CoStarSaleCompLookup,0),0)),"") | AC4: =IFERROR(IF(INDEX(YardiSalePriceTotal,MATCH(AD4,YardiSaleCompLookup,0),0)=0,"",INDEX(YardiSalePriceTotal,MATCH(AD4,YardiSaleCompLookup,0),0)),"") | AD4: =LEFT(Q4,FIND(" ",Q4,1)) -> 9001 | AE4: =AE3&IF($L4="x","x","") -> xx | AG4: Inferior | AH4: 2 | AJ4: Average | AK4: 2 | AM4: Basic+ | AN4: 2 | AP4: Average | AQ4: 2
C5: =rediq_dealname -> Benbrook Apartments | L5: x | M5: =IF($M$1="Manual",IF(Y5="","No Sale Price Disclosed!",""),"") | N5: {=IF($M$1="Manual",IF(AA5<>"","Freddie/Fannie",IF(AB5<>"","CoStar",IF(AC5<>"","Yardi","N/A"))),INDEX([1]!Output_Analysis_Data__2[Info Source],ROW()-2))} -> Fannie | O5: {=IF($M$1="Manual",'[1]Sale Comps'!BY5,INDEX([1]!Output_Analysis_Data__2[Property Name],ROW()-2))} -> Range, The | P5: =IFERROR(Y5/U5,"") -> 105729.17 | Q5: {=IF($M$1="Manual",IFERROR(INDEX(CoStarSaleAddress,MATCH(O5,CoStarSaleName,0)),INDEX(YardiSaleAddress,MATCH(O5,YardiSaleName,0))),INDEX([1]!Output_Analysis_Data__2[Property Address],ROW()-2))} -> 2925 West Normandale Street | R5: {=IF($M$1="Manual",IFERROR(INDEX(CoStarSaleCity,MATCH(O5,CoStarSaleName,0)),INDEX(YardiSaleCity,MATCH(O5,YardiSaleName,0))),INDEX([1]!Output_Analysis_Data__2[City],ROW()-2))} -> Fort Worth | S5: {=IF($M$1="Manual",IFERROR(INDEX(CoStarSaleState,MATCH(O5,CoStarSaleName,0)),INDEX(YardiSaleState,MATCH(O5,YardiSaleName,0))),INDEX([1]!Output_Analysis_Data__2[State],ROW()-2))} -> TX | T5: {=IF($M$1="Manual",IFERROR(INDEX(CoStarSaleZipcodes,MATCH(O5,CoStarSaleName,0)),INDEX(YardiSaleZipcodes,MATCH(O5,YardiSaleName,0))),INDEX([1]!Output_Analysis_Data__2[ZIP],ROW()-2))} -> 76116 | U5: {=IF($M$1="Manual",IFERROR(INDEX(CoStarSaleUnits,MATCH(O5,CoStarSaleName,0)),INDEX(YardiSaleUnits,MATCH(O5,YardiSaleName,0))),INDEX([1]!Output_Analysis_Data__2[Unit Count],ROW()-2))} -> 192 | V5: {=IF($M$1="Manual","",INDEX([1]!Output_Analysis_Data__2[Distance (mi.)],ROW()-2))} -> 2.3073797 | W5: {=IF($M$1="Manual",IFERROR(INDEX(CoStarSaleAvgUnitSize,MATCH(O5,CoStarSaleName,0)),INDEX(YardiSaleAvgUnitSize,MATCH(O5,YardiSaleName,0))),INDEX([1]!Output_Analysis_Data__2[Avg Unit SF],ROW()-2))} -> 815 | X5: {=IF($M$1="Manual",IFERROR(INDEX(CoStarSaleYearBuilt,MATCH(O5,CoStarSaleName,0)),INDEX(YardiSaleYearBuilt,MATCH(O5,YardiSaleName,0))),INDEX([1]!Output_Analysis_Data__2[Year Built],ROW()-2))} -> 1985 | Y5: {=IF($M$1="Manual",IF(AA5<>"",AA5,IF(AB5<>"",AB5,IF(AC5<>"",AC5,""))),INDEX([1]!Output_Analysis_Data__2[Sold Price],ROW()-2))} -> 20300000 | Z5: {=IF($M$1="Manual",IFERROR(INDEX(CoStarSaleDate,MATCH(O5,CoStarSaleName,0)),INDEX(YardiSaleDate,MATCH(O5,YardiSaleName,0))),INDEX([1]!Output_Analysis_Data__2[Sale Date],ROW()-2))} -> 45183 | AA5: =IFERROR(INDEX('[1]Agency Loan-Sale Comps'!$J$16:$J$37,MATCH('Comparable Grid'!AD5,'[1]Agency Loan-Sale Comps'!$A$16:$A$37,0),0),"") -> 20300000 | AB5: =IFERROR(IF(INDEX(CoStarSalePriceTotal,MATCH(AD5,CoStarSaleCompLookup,0),0)=0,"",INDEX(CoStarSalePriceTotal,MATCH(AD5,CoStarSaleCompLookup,0),0)),"") | AC5: =IFERROR(IF(INDEX(YardiSalePriceTotal,MATCH(AD5,YardiSaleCompLookup,0),0)=0,"",INDEX(YardiSalePriceTotal,MATCH(AD5,YardiSaleCompLookup,0),0)),"") | AD5: =LEFT(Q5,FIND(" ",Q5,1)) -> 2925 | AE5: =AE4&IF($L5="x","x","") -> xxx | AG5: Average | AH5: 3 | AJ5: Superior | AK5: 3 | AM5: Renovated- | AN5: 3 | AP5: Above Average | AQ5: 3
C6: Comparable Sale Analysis | M6: =IF($M$1="Manual",IF(Y6="","No Sale Price Disclosed!",""),"") | N6: {=IF($M$1="Manual",IF(AA6<>"","Freddie/Fannie",IF(AB6<>"","CoStar",IF(AC6<>"","Yardi","N/A"))),INDEX([1]!Output_Analysis_Data__2[Info Source],ROW()-2))} -> CoStar | O6: {=IF($M$1="Manual",'[1]Sale Comps'!BY6,INDEX([1]!Output_Analysis_Data__2[Property Name],ROW()-2))} -> 9519 Westpark Dr | P6: =IFERROR(Y6/U6,"") -> 136250 | Q6: {=IF($M$1="Manual",IFERROR(INDEX(CoStarSaleAddress,MATCH(O6,CoStarSaleName,0)),INDEX(YardiSaleAddress,MATCH(O6,YardiSaleName,0))),INDEX([1]!Output_Analysis_Data__2[Property Address],ROW()-2))} -> 9519 Westpark Dr | R6: {=IF($M$1="Manual",IFERROR(INDEX(CoStarSaleCity,MATCH(O6,CoStarSaleName,0)),INDEX(YardiSaleCity,MATCH(O6,YardiSaleName,0))),INDEX([1]!Output_Analysis_Data__2[City],ROW()-2))} -> Benbrook | S6: {=IF($M$1="Manual",IFERROR(INDEX(CoStarSaleState,MATCH(O6,CoStarSaleName,0)),INDEX(YardiSaleState,MATCH(O6,YardiSaleName,0))),INDEX([1]!Output_Analysis_Data__2[State],ROW()-2))} -> TX | T6: {=IF($M$1="Manual",IFERROR(INDEX(CoStarSaleZipcodes,MATCH(O6,CoStarSaleName,0)),INDEX(YardiSaleZipcodes,MATCH(O6,YardiSaleName,0))),INDEX([1]!Output_Analysis_Data__2[ZIP],ROW()-2))} -> 76126 | U6: {=IF($M$1="Manual",IFERROR(INDEX(CoStarSaleUnits,MATCH(O6,CoStarSaleName,0)),INDEX(YardiSaleUnits,MATCH(O6,YardiSaleName,0))),INDEX([1]!Output_Analysis_Data__2[Unit Count],ROW()-2))} -> 4 | V6: {=IF($M$1="Manual","",INDEX([1]!Output_Analysis_Data__2[Distance (mi.)],ROW()-2))} -> 2.6028107 | W6: {=IF($M$1="Manual",IFERROR(INDEX(CoStarSaleAvgUnitSize,MATCH(O6,CoStarSaleName,0)),INDEX(YardiSaleAvgUnitSize,MATCH(O6,YardiSaleName,0))),INDEX([1]!Output_Analysis_Data__2[Avg Unit SF],ROW()-2))} -> 0 | X6: {=IF($M$1="Manual",IFERROR(INDEX(CoStarSaleYearBuilt,MATCH(O6,CoStarSaleName,0)),INDEX(YardiSaleYearBuilt,MATCH(O6,YardiSaleName,0))),INDEX([1]!Output_Analysis_Data__2[Year Built],ROW()-2))} -> 1982 | Y6: {=IF($M$1="Manual",IF(AA6<>"",AA6,IF(AB6<>"",AB6,IF(AC6<>"",AC6,""))),INDEX([1]!Output_Analysis_Data__2[Sold Price],ROW()-2))} -> 545000 | Z6: {=IF($M$1="Manual",IFERROR(INDEX(CoStarSaleDate,MATCH(O6,CoStarSaleName,0)),INDEX(YardiSaleDate,MATCH(O6,YardiSaleName,0))),INDEX([1]!Output_Analysis_Data__2[Sale Date],ROW()-2))} -> 45663 | AA6: =IFERROR(INDEX('[1]Agency Loan-Sale Comps'!$J$16:$J$37,MATCH('Comparable Grid'!AD6,'[1]Agency Loan-Sale Comps'!$A$16:$A$37,0),0),"") | AB6: =IFERROR(IF(INDEX(CoStarSalePriceTotal,MATCH(AD6,CoStarSaleCompLookup,0),0)=0,"",INDEX(CoStarSalePriceTotal,MATCH(AD6,CoStarSaleCompLookup,0),0)),"") | AC6: =IFERROR(IF(INDEX(YardiSalePriceTotal,MATCH(AD6,YardiSaleCompLookup,0),0)=0,"",INDEX(YardiSalePriceTotal,MATCH(AD6,YardiSaleCompLookup,0),0)),"") | AD6: =LEFT(Q6,FIND(" ",Q6,1)) -> 9519 | AE6: =AE5&IF($L6="x","x","") -> xxx | AG6: Superior | AH6: 4 | AM6: Renovated | AN6: 4
D7: Subject | E7: =IF(E8="","","Comp 1") -> Comp 1 | F7: =IF(F8="","","Comp 2") -> Comp 2 | G7: =IF(G8="","","Comp 3") -> Comp 3 | H7: =IF(H8="","","Comp 4") -> Comp 4 | I7: =IF(I8="","","Comp 5") -> Comp 5 | M7: =IF($M$1="Manual",IF(Y7="","No Sale Price Disclosed!",""),"") | N7: {=IF($M$1="Manual",IF(AA7<>"","Freddie/Fannie",IF(AB7<>"","CoStar",IF(AC7<>"","Yardi","N/A"))),INDEX([1]!Output_Analysis_Data__2[Info Source],ROW()-2))} -> CoStar | O7: {=IF($M$1="Manual",'[1]Sale Comps'!BY7,INDEX([1]!Output_Analysis_Data__2[Property Name],ROW()-2))} -> 209 Vista Way | P7: =IFERROR(Y7/U7,"") -> 130000 | Q7: {=IF($M$1="Manual",IFERROR(INDEX(CoStarSaleAddress,MATCH(O7,CoStarSaleName,0)),INDEX(YardiSaleAddress,MATCH(O7,YardiSaleName,0))),INDEX([1]!Output_Analysis_Data__2[Property Address],ROW()-2))} -> 209 Vista Way | R7: {=IF($M$1="Manual",IFERROR(INDEX(CoStarSaleCity,MATCH(O7,CoStarSaleName,0)),INDEX(YardiSaleCity,MATCH(O7,YardiSaleName,0))),INDEX([1]!Output_Analysis_Data__2[City],ROW()-2))} -> Benbrook | S7: {=IF($M$1="Manual",IFERROR(INDEX(CoStarSaleState,MATCH(O7,CoStarSaleName,0)),INDEX(YardiSaleState,MATCH(O7,YardiSaleName,0))),INDEX([1]!Output_Analysis_Data__2[State],ROW()-2))} -> TX | T7: {=IF($M$1="Manual",IFERROR(INDEX(CoStarSaleZipcodes,MATCH(O7,CoStarSaleName,0)),INDEX(YardiSaleZipcodes,MATCH(O7,YardiSaleName,0))),INDEX([1]!Output_Analysis_Data__2[ZIP],ROW()-2))} -> 76126 | U7: {=IF($M$1="Manual",IFERROR(INDEX(CoStarSaleUnits,MATCH(O7,CoStarSaleName,0)),INDEX(YardiSaleUnits,MATCH(O7,YardiSaleName,0))),INDEX([1]!Output_Analysis_Data__2[Unit Count],ROW()-2))} -> 4 | V7: {=IF($M$1="Manual","",INDEX([1]!Output_Analysis_Data__2[Distance (mi.)],ROW()-2))} -> 2.6740048 | W7: {=IF($M$1="Manual",IFERROR(INDEX(CoStarSaleAvgUnitSize,MATCH(O7,CoStarSaleName,0)),INDEX(YardiSaleAvgUnitSize,MATCH(O7,YardiSaleName,0))),INDEX([1]!Output_Analysis_Data__2[Avg Unit SF],ROW()-2))} -> 995 | X7: {=IF($M$1="Manual",IFERROR(INDEX(CoStarSaleYearBuilt,MATCH(O7,CoStarSaleName,0)),INDEX(YardiSaleYearBuilt,MATCH(O7,YardiSaleName,0))),INDEX([1]!Output_Analysis_Data__2[Year Built],ROW()-2))} -> 1982 | Y7: {=IF($M$1="Manual",IF(AA7<>"",AA7,IF(AB7<>"",AB7,IF(AC7<>"",AC7,""))),INDEX([1]!Output_Analysis_Data__2[Sold Price],ROW()-2))} -> 520000 | Z7: {=IF($M$1="Manual",IFERROR(INDEX(CoStarSaleDate,MATCH(O7,CoStarSaleName,0)),INDEX(YardiSaleDate,MATCH(O7,YardiSaleName,0))),INDEX([1]!Output_Analysis_Data__2[Sale Date],ROW()-2))} -> 45474 | AA7: =IFERROR(INDEX('[1]Agency Loan-Sale Comps'!$J$16:$J$37,MATCH('Comparable Grid'!AD7,'[1]Agency Loan-Sale Comps'!$A$16:$A$37,0),0),"") | AB7: =IFERROR(IF(INDEX(CoStarSalePriceTotal,MATCH(AD7,CoStarSaleCompLookup,0),0)=0,"",INDEX(CoStarSalePriceTotal,MATCH(AD7,CoStarSaleCompLookup,0),0)),"") | AC7: =IFERROR(IF(INDEX(YardiSalePriceTotal,MATCH(AD7,YardiSaleCompLookup,0),0)=0,"",INDEX(YardiSalePriceTotal,MATCH(AD7,YardiSaleCompLookup,0),0)),"") | AD7: =LEFT(Q7,FIND(" ",Q7,1)) -> 209 | AE7: =AE6&IF($L7="x","x","") -> xxx | AG7: New | AH7: 5 | AJ7: Type | AM7: Renovated+ | AN7: 5
C8: Property Name | D8: =rediq_dealname -> Benbrook Apartments | E8: =IFERROR(INDEX($O$3:$O$52,MATCH("x",$AE$3:$AE$52,0),0),"") -> Wind Rush | F8: =IFERROR(INDEX($O$3:$O$52,MATCH("xx",$AE$3:$AE$52,0),0),"") -> Falls & Oak Village, The | G8: =IFERROR(INDEX($O$3:$O$52,MATCH("xxx",$AE$3:$AE$52,0),0),"") -> Range, The | H8: =IFERROR(INDEX($O$3:$O$52,MATCH("xxxx",$AE$3:$AE$52,0),0),"") -> Ridgmar Townhomes | I8: =IFERROR(INDEX($O$3:$O$52,MATCH("xxxxx",$AE$3:$AE$52,0),0),"") -> Sunset Heights | L8: x | M8: =IF($M$1="Manual",IF(Y8="","No Sale Price Disclosed!",""),"") | N8: {=IF($M$1="Manual",IF(AA8<>"","Freddie/Fannie",IF(AB8<>"","CoStar",IF(AC8<>"","Yardi","N/A"))),INDEX([1]!Output_Analysis_Data__2[Info Source],ROW()-2))} -> Yardi | O8: {=IF($M$1="Manual",'[1]Sale Comps'!BY8,INDEX([1]!Output_Analysis_Data__2[Property Name],ROW()-2))} -> Ridgmar Townhomes | P8: =IFERROR(Y8/U8,"") -> 92000 | Q8: {=IF($M$1="Manual",IFERROR(INDEX(CoStarSaleAddress,MATCH(O8,CoStarSaleName,0)),INDEX(YardiSaleAddress,MATCH(O8,YardiSaleName,0))),INDEX([1]!Output_Analysis_Data__2[Property Address],ROW()-2))} -> 2109 Remington Street | R8: {=IF($M$1="Manual",IFERROR(INDEX(CoStarSaleCity,MATCH(O8,CoStarSaleName,0)),INDEX(YardiSaleCity,MATCH(O8,YardiSaleName,0))),INDEX([1]!Output_Analysis_Data__2[City],ROW()-2))} -> Fort Worth | S8: {=IF($M$1="Manual",IFERROR(INDEX(CoStarSaleState,MATCH(O8,CoStarSaleName,0)),INDEX(YardiSaleState,MATCH(O8,YardiSaleName,0))),INDEX([1]!Output_Analysis_Data__2[State],ROW()-2))} -> TX | T8: {=IF($M$1="Manual",IFERROR(INDEX(CoStarSaleZipcodes,MATCH(O8,CoStarSaleName,0)),INDEX(YardiSaleZipcodes,MATCH(O8,YardiSaleName,0))),INDEX([1]!Output_Analysis_Data__2[ZIP],ROW()-2))} -> 76116 | U8: {=IF($M$1="Manual",IFERROR(INDEX(CoStarSaleUnits,MATCH(O8,CoStarSaleName,0)),INDEX(YardiSaleUnits,MATCH(O8,YardiSaleName,0))),INDEX([1]!Output_Analysis_Data__2[Unit Count],ROW()-2))} -> 60 | V8: {=IF($M$1="Manual","",INDEX([1]!Output_Analysis_Data__2[Distance (mi.)],ROW()-2))} -> 2.7010313 | W8: {=IF($M$1="Manual",IFERROR(INDEX(CoStarSaleAvgUnitSize,MATCH(O8,CoStarSaleName,0)),INDEX(YardiSaleAvgUnitSize,MATCH(O8,YardiSaleName,0))),INDEX([1]!Output_Analysis_Data__2[Avg Unit SF],ROW()-2))} -> 1128 | X8: {=IF($M$1="Manual",IFERROR(INDEX(CoStarSaleYearBuilt,MATCH(O8,CoStarSaleName,0)),INDEX(YardiSaleYearBuilt,MATCH(O8,YardiSaleName,0))),INDEX([1]!Output_Analysis_Data__2[Year Built],ROW()-2))} -> 1984 | Y8: {=IF($M$1="Manual",IF(AA8<>"",AA8,IF(AB8<>"",AB8,IF(AC8<>"",AC8,""))),INDEX([1]!Output_Analysis_Data__2[Sold Price],ROW()-2))} -> 5520000 | Z8: {=IF($M$1="Manual",IFERROR(INDEX(CoStarSaleDate,MATCH(O8,CoStarSaleName,0)),INDEX(YardiSaleDate,MATCH(O8,YardiSaleName,0))),INDEX([1]!Output_Analysis_Data__2[Sale Date],ROW()-2))} -> 45688 | AA8: =IFERROR(INDEX('[1]Agency Loan-Sale Comps'!$J$16:$J$37,MATCH('Comparable Grid'!AD8,'[1]Agency Loan-Sale Comps'!$A$16:$A$37,0),0),"") -> 7700000 | AB8: =IFERROR(IF(INDEX(CoStarSalePriceTotal,MATCH(AD8,CoStarSaleCompLookup,0),0)=0,"",INDEX(CoStarSalePriceTotal,MATCH(AD8,CoStarSaleCompLookup,0),0)),"") | AC8: =IFERROR(IF(INDEX(YardiSalePriceTotal,MATCH(AD8,YardiSaleCompLookup,0),0)=0,"",INDEX(YardiSalePriceTotal,MATCH(AD8,YardiSaleCompLookup,0),0)),"") | AD8: =LEFT(Q8,FIND(" ",Q8,1)) -> 2109 | AE8: =AE7&IF($L8="x","x","") -> xxxx | AJ8: Manual | AM8: Premium- | AN8: 6
L9: x | M9: =IF($M$1="Manual",IF(Y9="","No Sale Price Disclosed!",""),"") | N9: {=IF($M$1="Manual",IF(AA9<>"","Freddie/Fannie",IF(AB9<>"","CoStar",IF(AC9<>"","Yardi","N/A"))),INDEX([1]!Output_Analysis_Data__2[Info Source],ROW()-2))} -> Yardi | O9: {=IF($M$1="Manual",'[1]Sale Comps'!BY9,INDEX([1]!Output_Analysis_Data__2[Property Name],ROW()-2))} -> Sunset Heights | P9: =IFERROR(Y9/U9,"") -> 108888.89 | Q9: {=IF($M$1="Manual",IFERROR(INDEX(CoStarSaleAddress,MATCH(O9,CoStarSaleName,0)),INDEX(YardiSaleAddress,MATCH(O9,YardiSaleName,0))),INDEX([1]!Output_Analysis_Data__2[Property Address],ROW()-2))} -> 4727 Wellesley Avenue | R9: {=IF($M$1="Manual",IFERROR(INDEX(CoStarSaleCity,MATCH(O9,CoStarSaleName,0)),INDEX(YardiSaleCity,MATCH(O9,YardiSaleName,0))),INDEX([1]!Output_Analysis_Data__2[City],ROW()-2))} -> Fort Worth | S9: {=IF($M$1="Manual",IFERROR(INDEX(CoStarSaleState,MATCH(O9,CoStarSaleName,0)),INDEX(YardiSaleState,MATCH(O9,YardiSaleName,0))),INDEX([1]!Output_Analysis_Data__2[State],ROW()-2))} -> TX | T9: {=IF($M$1="Manual",IFERROR(INDEX(CoStarSaleZipcodes,MATCH(O9,CoStarSaleName,0)),INDEX(YardiSaleZipcodes,MATCH(O9,YardiSaleName,0))),INDEX([1]!Output_Analysis_Data__2[ZIP],ROW()-2))} -> 76107 | U9: {=IF($M$1="Manual",IFERROR(INDEX(CoStarSaleUnits,MATCH(O9,CoStarSaleName,0)),INDEX(YardiSaleUnits,MATCH(O9,YardiSaleName,0))),INDEX([1]!Output_Analysis_Data__2[Unit Count],ROW()-2))} -> 90 | V9: {=IF($M$1="Manual","",INDEX([1]!Output_Analysis_Data__2[Distance (mi.)],ROW()-2))} -> 3.8014118 | W9: {=IF($M$1="Manual",IFERROR(INDEX(CoStarSaleAvgUnitSize,MATCH(O9,CoStarSaleName,0)),INDEX(YardiSaleAvgUnitSize,MATCH(O9,YardiSaleName,0))),INDEX([1]!Output_Analysis_Data__2[Avg Unit SF],ROW()-2))} -> 818 | X9: {=IF($M$1="Manual",IFERROR(INDEX(CoStarSaleYearBuilt,MATCH(O9,CoStarSaleName,0)),INDEX(YardiSaleYearBuilt,MATCH(O9,YardiSaleName,0))),INDEX([1]!Output_Analysis_Data__2[Year Built],ROW()-2))} -> 1970 | Y9: {=IF($M$1="Manual",IF(AA9<>"",AA9,IF(AB9<>"",AB9,IF(AC9<>"",AC9,""))),INDEX([1]!Output_Analysis_Data__2[Sold Price],ROW()-2))} -> 9800000 | Z9: {=IF($M$1="Manual",IFERROR(INDEX(CoStarSaleDate,MATCH(O9,CoStarSaleName,0)),INDEX(YardiSaleDate,MATCH(O9,YardiSaleName,0))),INDEX([1]!Output_Analysis_Data__2[Sale Date],ROW()-2))} -> 45379 | AA9: =IFERROR(INDEX('[1]Agency Loan-Sale Comps'!$J$16:$J$37,MATCH('Comparable Grid'!AD9,'[1]Agency Loan-Sale Comps'!$A$16:$A$37,0),0),"") | AB9: =IFERROR(IF(INDEX(CoStarSalePriceTotal,MATCH(AD9,CoStarSaleCompLookup,0),0)=0,"",INDEX(CoStarSalePriceTotal,MATCH(AD9,CoStarSaleCompLookup,0),0)),"") | AC9: =IFERROR(IF(INDEX(YardiSalePriceTotal,MATCH(AD9,YardiSaleCompLookup,0),0)=0,"",INDEX(YardiSalePriceTotal,MATCH(AD9,YardiSaleCompLookup,0),0)),"") | AD9: =LEFT(Q9,FIND(" ",Q9,1)) -> 4727 | AE9: =AE8&IF($L9="x","x","") -> xxxxx | AJ9: Automatic | AM9: Premium | AN9: 7
C10: Address | D10: =rediq_address1 -> 4639 Williams Rd | E10: =IFERROR(INDEX($Q$3:$Q$52,MATCH("x",$AE$3:$AE$52,0),0),"") -> 3500 Renzel Blvd | F10: =IFERROR(INDEX($Q$3:$Q$52,MATCH("xx",$AE$3:$AE$52,0),0),"") -> 9001 South Normandale Street | G10: =IFERROR(INDEX($Q$3:$Q$52,MATCH("xxx",$AE$3:$AE$52,0),0),"") -> 2925 West Normandale Street | H10: =IFERROR(INDEX($Q$3:$Q$52,MATCH("xxxx",$AE$3:$AE$52,0),0),"") -> 2109 Remington Street | I10: =IFERROR(INDEX($Q$3:$Q$52,MATCH("xxxxx",$AE$3:$AE$52,0),0),"") -> 4727 Wellesley Avenue | M10: =IF($M$1="Manual",IF(Y10="","No Sale Price Disclosed!",""),"") | N10: {=IF($M$1="Manual",IF(AA10<>"","Freddie/Fannie",IF(AB10<>"","CoStar",IF(AC10<>"","Yardi","N/A"))),INDEX([1]!Output_Analysis_Data__2[Info Source],ROW()-2))} -> Yardi | O10: {=IF($M$1="Manual",'[1]Sale Comps'!BY10,INDEX([1]!Output_Analysis_Data__2[Property Name],ROW()-2))} -> Candle Chase | P10: =IFERROR(Y10/U10,"") -> 180431.03 | Q10: {=IF($M$1="Manual",IFERROR(INDEX(CoStarSaleAddress,MATCH(O10,CoStarSaleName,0)),INDEX(YardiSaleAddress,MATCH(O10,YardiSaleName,0))),INDEX([1]!Output_Analysis_Data__2[Property Address],ROW()-2))} -> 6822 South Hulen Street | R10: {=IF($M$1="Manual",IFERROR(INDEX(CoStarSaleCity,MATCH(O10,CoStarSaleName,0)),INDEX(YardiSaleCity,MATCH(O10,YardiSaleName,0))),INDEX([1]!Output_Analysis_Data__2[City],ROW()-2))} -> Fort Worth | S10: {=IF($M$1="Manual",IFERROR(INDEX(CoStarSaleState,MATCH(O10,CoStarSaleName,0)),INDEX(YardiSaleState,MATCH(O10,YardiSaleName,0))),INDEX([1]!Output_Analysis_Data__2[State],ROW()-2))} -> TX | T10: {=IF($M$1="Manual",IFERROR(INDEX(CoStarSaleZipcodes,MATCH(O10,CoStarSaleName,0)),INDEX(YardiSaleZipcodes,MATCH(O10,YardiSaleName,0))),INDEX([1]!Output_Analysis_Data__2[ZIP],ROW()-2))} -> 76133 | U10: {=IF($M$1="Manual",IFERROR(INDEX(CoStarSaleUnits,MATCH(O10,CoStarSaleName,0)),INDEX(YardiSaleUnits,MATCH(O10,YardiSaleName,0))),INDEX([1]!Output_Analysis_Data__2[Unit Count],ROW()-2))} -> 116 | V10: {=IF($M$1="Manual","",INDEX([1]!Output_Analysis_Data__2[Distance (mi.)],ROW()-2))} -> 5.1561736 | W10: {=IF($M$1="Manual",IFERROR(INDEX(CoStarSaleAvgUnitSize,MATCH(O10,CoStarSaleName,0)),INDEX(YardiSaleAvgUnitSize,MATCH(O10,YardiSaleName,0))),INDEX([1]!Output_Analysis_Data__2[Avg Unit SF],ROW()-2))} -> 952 | X10: {=IF($M$1="Manual",IFERROR(INDEX(CoStarSaleYearBuilt,MATCH(O10,CoStarSaleName,0)),INDEX(YardiSaleYearBuilt,MATCH(O10,YardiSaleName,0))),INDEX([1]!Output_Analysis_Data__2[Year Built],ROW()-2))} -> 1969 | Y10: {=IF($M$1="Manual",IF(AA10<>"",AA10,IF(AB10<>"",AB10,IF(AC10<>"",AC10,""))),INDEX([1]!Output_Analysis_Data__2[Sold Price],ROW()-2))} -> 20930000 | Z10: {=IF($M$1="Manual",IFERROR(INDEX(CoStarSaleDate,MATCH(O10,CoStarSaleName,0)),INDEX(YardiSaleDate,MATCH(O10,YardiSaleName,0))),INDEX([1]!Output_Analysis_Data__2[Sale Date],ROW()-2))} -> 45743 | AA10: =IFERROR(INDEX('[1]Agency Loan-Sale Comps'!$J$16:$J$37,MATCH('Comparable Grid'!AD10,'[1]Agency Loan-Sale Comps'!$A$16:$A$37,0),0),"") | AB10: =IFERROR(IF(INDEX(CoStarSalePriceTotal,MATCH(AD10,CoStarSaleCompLookup,0),0)=0,"",INDEX(CoStarSalePriceTotal,MATCH(AD10,CoStarSaleCompLookup,0),0)),"") | AC10: =IFERROR(IF(INDEX(YardiSalePriceTotal,MATCH(AD10,YardiSaleCompLookup,0),0)=0,"",INDEX(YardiSalePriceTotal,MATCH(AD10,YardiSaleCompLookup,0),0)),"") | AD10: =LEFT(Q10,FIND(" ",Q10,1)) -> 6822 | AE10: =AE9&IF($L10="x","x","") -> xxxxx | AM10: Premium+ | AN10: 8
C11: City | D11: =rediq_city -> Benbrook | E11: =IFERROR(INDEX($R$3:$R$52,MATCH("x",$AE$3:$AE$52,0),0),"") -> Fort Worth | F11: =IFERROR(INDEX($R$3:$R$52,MATCH("xx",$AE$3:$AE$52,0),0),"") -> Fort Worth | G11: =IFERROR(INDEX($R$3:$R$52,MATCH("xxx",$AE$3:$AE$52,0),0),"") -> Fort Worth | H11: =IFERROR(INDEX($R$3:$R$52,MATCH("xxxx",$AE$3:$AE$52,0),0),"") -> Fort Worth | I11: =IFERROR(INDEX($R$3:$R$52,MATCH("xxxxx",$AE$3:$AE$52,0),0),"") -> Fort Worth | M11: =IF($M$1="Manual",IF(Y11="","No Sale Price Disclosed!",""),"") | N11: {=IF($M$1="Manual",IF(AA11<>"","Freddie/Fannie",IF(AB11<>"","CoStar",IF(AC11<>"","Yardi","N/A"))),INDEX([1]!Output_Analysis_Data__2[Info Source],ROW()-2))} -> Yardi | O11: {=IF($M$1="Manual",'[1]Sale Comps'!BY11,INDEX([1]!Output_Analysis_Data__2[Property Name],ROW()-2))} -> Dakota | P11: =IFERROR(Y11/U11,"") -> 87500 | Q11: {=IF($M$1="Manual",IFERROR(INDEX(CoStarSaleAddress,MATCH(O11,CoStarSaleName,0)),INDEX(YardiSaleAddress,MATCH(O11,YardiSaleName,0))),INDEX([1]!Output_Analysis_Data__2[Property Address],ROW()-2))} -> 6218 Finbro Drive | R11: {=IF($M$1="Manual",IFERROR(INDEX(CoStarSaleCity,MATCH(O11,CoStarSaleName,0)),INDEX(YardiSaleCity,MATCH(O11,YardiSaleName,0))),INDEX([1]!Output_Analysis_Data__2[City],ROW()-2))} -> Fort Worth | S11: {=IF($M$1="Manual",IFERROR(INDEX(CoStarSaleState,MATCH(O11,CoStarSaleName,0)),INDEX(YardiSaleState,MATCH(O11,YardiSaleName,0))),INDEX([1]!Output_Analysis_Data__2[State],ROW()-2))} -> TX | T11: {=IF($M$1="Manual",IFERROR(INDEX(CoStarSaleZipcodes,MATCH(O11,CoStarSaleName,0)),INDEX(YardiSaleZipcodes,MATCH(O11,YardiSaleName,0))),INDEX([1]!Output_Analysis_Data__2[ZIP],ROW()-2))} -> 76133 | U11: {=IF($M$1="Manual",IFERROR(INDEX(CoStarSaleUnits,MATCH(O11,CoStarSaleName,0)),INDEX(YardiSaleUnits,MATCH(O11,YardiSaleName,0))),INDEX([1]!Output_Analysis_Data__2[Unit Count],ROW()-2))} -> 120 | V11: {=IF($M$1="Manual","",INDEX([1]!Output_Analysis_Data__2[Distance (mi.)],ROW()-2))} -> 6.3024208 | W11: {=IF($M$1="Manual",IFERROR(INDEX(CoStarSaleAvgUnitSize,MATCH(O11,CoStarSaleName,0)),INDEX(YardiSaleAvgUnitSize,MATCH(O11,YardiSaleName,0))),INDEX([1]!Output_Analysis_Data__2[Avg Unit SF],ROW()-2))} -> 785 | X11: {=IF($M$1="Manual",IFERROR(INDEX(CoStarSaleYearBuilt,MATCH(O11,CoStarSaleName,0)),INDEX(YardiSaleYearBuilt,MATCH(O11,YardiSaleName,0))),INDEX([1]!Output_Analysis_Data__2[Year Built],ROW()-2))} -> 1980 | Y11: {=IF($M$1="Manual",IF(AA11<>"",AA11,IF(AB11<>"",AB11,IF(AC11<>"",AC11,""))),INDEX([1]!Output_Analysis_Data__2[Sold Price],ROW()-2))} -> 10500000 | Z11: {=IF($M$1="Manual",IFERROR(INDEX(CoStarSaleDate,MATCH(O11,CoStarSaleName,0)),INDEX(YardiSaleDate,MATCH(O11,YardiSaleName,0))),INDEX([1]!Output_Analysis_Data__2[Sale Date],ROW()-2))} -> 45289 | AA11: =IFERROR(INDEX('[1]Agency Loan-Sale Comps'!$J$16:$J$37,MATCH('Comparable Grid'!AD11,'[1]Agency Loan-Sale Comps'!$A$16:$A$37,0),0),"") | AB11: =IFERROR(IF(INDEX(CoStarSalePriceTotal,MATCH(AD11,CoStarSaleCompLookup,0),0)=0,"",INDEX(CoStarSalePriceTotal,MATCH(AD11,CoStarSaleCompLookup,0),0)),"") | AC11: =IFERROR(IF(INDEX(YardiSalePriceTotal,MATCH(AD11,YardiSaleCompLookup,0),0)=0,"",INDEX(YardiSalePriceTotal,MATCH(AD11,YardiSaleCompLookup,0),0)),"") | AD11: =LEFT(Q11,FIND(" ",Q11,1)) -> 6218 | AE11: =AE10&IF($L11="x","x","") -> xxxxx
C12: State | D12: =rediq_state -> TX | E12: =IFERROR(INDEX($S$3:$S$52,MATCH("x",$AE$3:$AE$52,0),0),"") -> TX | F12: =IFERROR(INDEX($S$3:$S$52,MATCH("xx",$AE$3:$AE$52,0),0),"") -> TX | G12: =IFERROR(INDEX($S$3:$S$52,MATCH("xxx",$AE$3:$AE$52,0),0),"") -> TX | H12: =IFERROR(INDEX($S$3:$S$52,MATCH("xxxx",$AE$3:$AE$52,0),0),"") -> TX | I12: =IFERROR(INDEX($S$3:$S$52,MATCH("xxxxx",$AE$3:$AE$52,0),0),"") -> TX | L12: x | M12: =IF($M$1="Manual",IF(Y12="","No Sale Price Disclosed!",""),"") | N12: {=IF($M$1="Manual",IF(AA12<>"","Freddie/Fannie",IF(AB12<>"","CoStar",IF(AC12<>"","Yardi","N/A"))),INDEX([1]!Output_Analysis_Data__2[Info Source],ROW()-2))} -> TMG Broker | O12: {=IF($M$1="Manual",'[1]Sale Comps'!BY12,INDEX([1]!Output_Analysis_Data__2[Property Name],ROW()-2))} -> Vista Del Sol | P12: =IFERROR(Y12/U12,"") -> 98611.111 | Q12: {=IF($M$1="Manual",IFERROR(INDEX(CoStarSaleAddress,MATCH(O12,CoStarSaleName,0)),INDEX(YardiSaleAddress,MATCH(O12,YardiSaleName,0))),INDEX([1]!Output_Analysis_Data__2[Property Address],ROW()-2))} -> 4316 Baldwin Avenue | R12: {=IF($M$1="Manual",IFERROR(INDEX(CoStarSaleCity,MATCH(O12,CoStarSaleName,0)),INDEX(YardiSaleCity,MATCH(O12,YardiSaleName,0))),INDEX([1]!Output_Analysis_Data__2[City],ROW()-2))} -> Fort Worth | S12: {=IF($M$1="Manual",IFERROR(INDEX(CoStarSaleState,MATCH(O12,CoStarSaleName,0)),INDEX(YardiSaleState,MATCH(O12,YardiSaleName,0))),INDEX([1]!Output_Analysis_Data__2[State],ROW()-2))} -> TX | T12: {=IF($M$1="Manual",IFERROR(INDEX(CoStarSaleZipcodes,MATCH(O12,CoStarSaleName,0)),INDEX(YardiSaleZipcodes,MATCH(O12,YardiSaleName,0))),INDEX([1]!Output_Analysis_Data__2[ZIP],ROW()-2))} -> 76115 | U12: {=IF($M$1="Manual",IFERROR(INDEX(CoStarSaleUnits,MATCH(O12,CoStarSaleName,0)),INDEX(YardiSaleUnits,MATCH(O12,YardiSaleName,0))),INDEX([1]!Output_Analysis_Data__2[Unit Count],ROW()-2))} -> 54 | V12: {=IF($M$1="Manual","",INDEX([1]!Output_Analysis_Data__2[Distance (mi.)],ROW()-2))} -> 6.7539166 | W12: {=IF($M$1="Manual",IFERROR(INDEX(CoStarSaleAvgUnitSize,MATCH(O12,CoStarSaleName,0)),INDEX(YardiSaleAvgUnitSize,MATCH(O12,YardiSaleName,0))),INDEX([1]!Output_Analysis_Data__2[Avg Unit SF],ROW()-2))} -> 597 | X12: {=IF($M$1="Manual",IFERROR(INDEX(CoStarSaleYearBuilt,MATCH(O12,CoStarSaleName,0)),INDEX(YardiSaleYearBuilt,MATCH(O12,YardiSaleName,0))),INDEX([1]!Output_Analysis_Data__2[Year Built],ROW()-2))} -> 1968 | Y12: {=IF($M$1="Manual",IF(AA12<>"",AA12,IF(AB12<>"",AB12,IF(AC12<>"",AC12,""))),INDEX([1]!Output_Analysis_Data__2[Sold Price],ROW()-2))} -> 5325000 | Z12: {=IF($M$1="Manual",IFERROR(INDEX(CoStarSaleDate,MATCH(O12,CoStarSaleName,0)),INDEX(YardiSaleDate,MATCH(O12,YardiSaleName,0))),INDEX([1]!Output_Analysis_Data__2[Sale Date],ROW()-2))} -> 45931 | AA12: =IFERROR(INDEX('[1]Agency Loan-Sale Comps'!$J$16:$J$37,MATCH('Comparable Grid'!AD12,'[1]Agency Loan-Sale Comps'!$A$16:$A$37,0),0),"") | AB12: =IFERROR(IF(INDEX(CoStarSalePriceTotal,MATCH(AD12,CoStarSaleCompLookup,0),0)=0,"",INDEX(CoStarSalePriceTotal,MATCH(AD12,CoStarSaleCompLookup,0),0)),"") | AC12: =IFERROR(IF(INDEX(YardiSalePriceTotal,MATCH(AD12,YardiSaleCompLookup,0),0)=0,"",INDEX(YardiSalePriceTotal,MATCH(AD12,YardiSaleCompLookup,0),0)),"") | AD12: =LEFT(Q12,FIND(" ",Q12,1)) -> 4316 | AE12: =AE11&IF($L12="x","x","") -> xxxxxx
C13: Zip | D13: =rediq_zip -> 76116 | E13: =IFERROR(INDEX($T$3:$T$52,MATCH("x",$AE$3:$AE$52,0),0),"") -> 76116 | F13: =IFERROR(INDEX($T$3:$T$52,MATCH("xx",$AE$3:$AE$52,0),0),"") -> 76116 | G13: =IFERROR(INDEX($T$3:$T$52,MATCH("xxx",$AE$3:$AE$52,0),0),"") -> 76116 | H13: =IFERROR(INDEX($T$3:$T$52,MATCH("xxxx",$AE$3:$AE$52,0),0),"") -> 76116 | I13: =IFERROR(INDEX($T$3:$T$52,MATCH("xxxxx",$AE$3:$AE$52,0),0),"") -> 76107 | M13: =IF($M$1="Manual",IF(Y13="","No Sale Price Disclosed!",""),"") | N13: {=IF($M$1="Manual",IF(AA13<>"","Freddie/Fannie",IF(AB13<>"","CoStar",IF(AC13<>"","Yardi","N/A"))),INDEX([1]!Output_Analysis_Data__2[Info Source],ROW()-2))} -> Fannie | O13: {=IF($M$1="Manual",'[1]Sale Comps'!BY13,INDEX([1]!Output_Analysis_Data__2[Property Name],ROW()-2))} -> Morningside | P13: =IFERROR(Y13/U13,"") -> 92338.71 | Q13: {=IF($M$1="Manual",IFERROR(INDEX(CoStarSaleAddress,MATCH(O13,CoStarSaleName,0)),INDEX(YardiSaleAddress,MATCH(O13,YardiSaleName,0))),INDEX([1]!Output_Analysis_Data__2[Property Address],ROW()-2))} -> 2900 South Fwy | R13: {=IF($M$1="Manual",IFERROR(INDEX(CoStarSaleCity,MATCH(O13,CoStarSaleName,0)),INDEX(YardiSaleCity,MATCH(O13,YardiSaleName,0))),INDEX([1]!Output_Analysis_Data__2[City],ROW()-2))} -> Fort Worth | S13: {=IF($M$1="Manual",IFERROR(INDEX(CoStarSaleState,MATCH(O13,CoStarSaleName,0)),INDEX(YardiSaleState,MATCH(O13,YardiSaleName,0))),INDEX([1]!Output_Analysis_Data__2[State],ROW()-2))} -> TX | T13: {=IF($M$1="Manual",IFERROR(INDEX(CoStarSaleZipcodes,MATCH(O13,CoStarSaleName,0)),INDEX(YardiSaleZipcodes,MATCH(O13,YardiSaleName,0))),INDEX([1]!Output_Analysis_Data__2[ZIP],ROW()-2))} -> 76104 | U13: {=IF($M$1="Manual",IFERROR(INDEX(CoStarSaleUnits,MATCH(O13,CoStarSaleName,0)),INDEX(YardiSaleUnits,MATCH(O13,YardiSaleName,0))),INDEX([1]!Output_Analysis_Data__2[Unit Count],ROW()-2))} -> 124 | V13: {=IF($M$1="Manual","",INDEX([1]!Output_Analysis_Data__2[Distance (mi.)],ROW()-2))} -> 7.5865999 | W13: {=IF($M$1="Manual",IFERROR(INDEX(CoStarSaleAvgUnitSize,MATCH(O13,CoStarSaleName,0)),INDEX(YardiSaleAvgUnitSize,MATCH(O13,YardiSaleName,0))),INDEX([1]!Output_Analysis_Data__2[Avg Unit SF],ROW()-2))} -> 685 | X13: {=IF($M$1="Manual",IFERROR(INDEX(CoStarSaleYearBuilt,MATCH(O13,CoStarSaleName,0)),INDEX(YardiSaleYearBuilt,MATCH(O13,YardiSaleName,0))),INDEX([1]!Output_Analysis_Data__2[Year Built],ROW()-2))} -> 1968 | Y13: {=IF($M$1="Manual",IF(AA13<>"",AA13,IF(AB13<>"",AB13,IF(AC13<>"",AC13,""))),INDEX([1]!Output_Analysis_Data__2[Sold Price],ROW()-2))} -> 11450000 | Z13: {=IF($M$1="Manual",IFERROR(INDEX(CoStarSaleDate,MATCH(O13,CoStarSaleName,0)),INDEX(YardiSaleDate,MATCH(O13,YardiSaleName,0))),INDEX([1]!Output_Analysis_Data__2[Sale Date],ROW()-2))} -> 45163 | AA13: =IFERROR(INDEX('[1]Agency Loan-Sale Comps'!$J$16:$J$37,MATCH('Comparable Grid'!AD13,'[1]Agency Loan-Sale Comps'!$A$16:$A$37,0),0),"") | AB13: =IFERROR(IF(INDEX(CoStarSalePriceTotal,MATCH(AD13,CoStarSaleCompLookup,0),0)=0,"",INDEX(CoStarSalePriceTotal,MATCH(AD13,CoStarSaleCompLookup,0),0)),"") | AC13: =IFERROR(IF(INDEX(YardiSalePriceTotal,MATCH(AD13,YardiSaleCompLookup,0),0)=0,"",INDEX(YardiSalePriceTotal,MATCH(AD13,YardiSaleCompLookup,0),0)),"") | AD13: =LEFT(Q13,FIND(" ",Q13,1)) -> 2900 | AE13: =AE12&IF($L13="x","x","") -> xxxxxx
C14: Primary Data Source | E14: =IFERROR(INDEX($N$3:$N$52,MATCH("x",$AE$3:$AE$52,0),0),"") -> Yardi | F14: =IFERROR(INDEX($N$3:$N$52,MATCH("xx",$AE$3:$AE$52,0),0),"") -> Yardi | G14: =IFERROR(INDEX($N$3:$N$52,MATCH("xxx",$AE$3:$AE$52,0),0),"") -> Fannie | H14: =IFERROR(INDEX($N$3:$N$52,MATCH("xxxx",$AE$3:$AE$52,0),0),"") -> Yardi | I14: =IFERROR(INDEX($N$3:$N$52,MATCH("xxxxx",$AE$3:$AE$52,0),0),"") -> Yardi | M14: =IF($M$1="Manual",IF(Y14="","No Sale Price Disclosed!",""),"") | N14: {=IF($M$1="Manual",IF(AA14<>"","Freddie/Fannie",IF(AB14<>"","CoStar",IF(AC14<>"","Yardi","N/A"))),INDEX([1]!Output_Analysis_Data__2[Info Source],ROW()-2))} -> Yardi | O14: {=IF($M$1="Manual",'[1]Sale Comps'!BY14,INDEX([1]!Output_Analysis_Data__2[Property Name],ROW()-2))} -> Hampton Townhomes | P14: =IFERROR(Y14/U14,"") -> 140000 | Q14: {=IF($M$1="Manual",IFERROR(INDEX(CoStarSaleAddress,MATCH(O14,CoStarSaleName,0)),INDEX(YardiSaleAddress,MATCH(O14,YardiSaleName,0))),INDEX([1]!Output_Analysis_Data__2[Property Address],ROW()-2))} -> 121 South Hampton Road | R14: {=IF($M$1="Manual",IFERROR(INDEX(CoStarSaleCity,MATCH(O14,CoStarSaleName,0)),INDEX(YardiSaleCity,MATCH(O14,YardiSaleName,0))),INDEX([1]!Output_Analysis_Data__2[City],ROW()-2))} -> Crowley | S14: {=IF($M$1="Manual",IFERROR(INDEX(CoStarSaleState,MATCH(O14,CoStarSaleName,0)),INDEX(YardiSaleState,MATCH(O14,YardiSaleName,0))),INDEX([1]!Output_Analysis_Data__2[State],ROW()-2))} -> TX | T14: {=IF($M$1="Manual",IFERROR(INDEX(CoStarSaleZipcodes,MATCH(O14,CoStarSaleName,0)),INDEX(YardiSaleZipcodes,MATCH(O14,YardiSaleName,0))),INDEX([1]!Output_Analysis_Data__2[ZIP],ROW()-2))} -> 76036 | U14: {=IF($M$1="Manual",IFERROR(INDEX(CoStarSaleUnits,MATCH(O14,CoStarSaleName,0)),INDEX(YardiSaleUnits,MATCH(O14,YardiSaleName,0))),INDEX([1]!Output_Analysis_Data__2[Unit Count],ROW()-2))} -> 76 | V14: {=IF($M$1="Manual","",INDEX([1]!Output_Analysis_Data__2[Distance (mi.)],ROW()-2))} -> 10.393325 | W14: {=IF($M$1="Manual",IFERROR(INDEX(CoStarSaleAvgUnitSize,MATCH(O14,CoStarSaleName,0)),INDEX(YardiSaleAvgUnitSize,MATCH(O14,YardiSaleName,0))),INDEX([1]!Output_Analysis_Data__2[Avg Unit SF],ROW()-2))} -> 973 | X14: {=IF($M$1="Manual",IFERROR(INDEX(CoStarSaleYearBuilt,MATCH(O14,CoStarSaleName,0)),INDEX(YardiSaleYearBuilt,MATCH(O14,YardiSaleName,0))),INDEX([1]!Output_Analysis_Data__2[Year Built],ROW()-2))} -> 1983 | Y14: {=IF($M$1="Manual",IF(AA14<>"",AA14,IF(AB14<>"",AB14,IF(AC14<>"",AC14,""))),INDEX([1]!Output_Analysis_Data__2[Sold Price],ROW()-2))} -> 10640000 | Z14: {=IF($M$1="Manual",IFERROR(INDEX(CoStarSaleDate,MATCH(O14,CoStarSaleName,0)),INDEX(YardiSaleDate,MATCH(O14,YardiSaleName,0))),INDEX([1]!Output_Analysis_Data__2[Sale Date],ROW()-2))} -> 45657 | AA14: =IFERROR(INDEX('[1]Agency Loan-Sale Comps'!$J$16:$J$37,MATCH('Comparable Grid'!AD14,'[1]Agency Loan-Sale Comps'!$A$16:$A$37,0),0),"") | AB14: =IFERROR(IF(INDEX(CoStarSalePriceTotal,MATCH(AD14,CoStarSaleCompLookup,0),0)=0,"",INDEX(CoStarSalePriceTotal,MATCH(AD14,CoStarSaleCompLookup,0),0)),"") | AC14: =IFERROR(IF(INDEX(YardiSalePriceTotal,MATCH(AD14,YardiSaleCompLookup,0),0)=0,"",INDEX(YardiSalePriceTotal,MATCH(AD14,YardiSaleCompLookup,0),0)),"") | AD14: =LEFT(Q14,FIND(" ",Q14,1)) -> 121 | AE14: =AE13&IF($L14="x","x","") -> xxxxxx
C15: ="Sale Price" -> Sale Price | E15: =IFERROR(INDEX($Y$3:$Y$52,MATCH("x",$AE$3:$AE$52,0),0),"") -> 31000000 | F15: =IFERROR(INDEX($Y$3:$Y$52,MATCH("xx",$AE$3:$AE$52,0),0),"") -> 41580000 | G15: =IFERROR(INDEX($Y$3:$Y$52,MATCH("xxx",$AE$3:$AE$52,0),0),"") -> 20300000 | H15: =IFERROR(INDEX($Y$3:$Y$52,MATCH("xxxx",$AE$3:$AE$52,0),0),"") -> 5520000 | I15: =IFERROR(INDEX($Y$3:$Y$52,MATCH("xxxxx",$AE$3:$AE$52,0),0),"") -> 9800000 | M15: =IF($M$1="Manual",IF(Y15="","No Sale Price Disclosed!",""),"") | N15: {=IF($M$1="Manual",IF(AA15<>"","Freddie/Fannie",IF(AB15<>"","CoStar",IF(AC15<>"","Yardi","N/A"))),INDEX([1]!Output_Analysis_Data__2[Info Source],ROW()-2))} -> Yardi | O15: {=IF($M$1="Manual",'[1]Sale Comps'!BY15,INDEX([1]!Output_Analysis_Data__2[Property Name],ROW()-2))} -> Northwood | P15: =IFERROR(Y15/U15,"") -> 109900 | Q15: {=IF($M$1="Manual",IFERROR(INDEX(CoStarSaleAddress,MATCH(O15,CoStarSaleName,0)),INDEX(YardiSaleAddress,MATCH(O15,YardiSaleName,0))),INDEX([1]!Output_Analysis_Data__2[Property Address],ROW()-2))} -> 4301 Weber Street | R15: {=IF($M$1="Manual",IFERROR(INDEX(CoStarSaleCity,MATCH(O15,CoStarSaleName,0)),INDEX(YardiSaleCity,MATCH(O15,YardiSaleName,0))),INDEX([1]!Output_Analysis_Data__2[City],ROW()-2))} -> Fort Worth | S15: {=IF($M$1="Manual",IFERROR(INDEX(CoStarSaleState,MATCH(O15,CoStarSaleName,0)),INDEX(YardiSaleState,MATCH(O15,YardiSaleName,0))),INDEX([1]!Output_Analysis_Data__2[State],ROW()-2))} -> TX | T15: {=IF($M$1="Manual",IFERROR(INDEX(CoStarSaleZipcodes,MATCH(O15,CoStarSaleName,0)),INDEX(YardiSaleZipcodes,MATCH(O15,YardiSaleName,0))),INDEX([1]!Output_Analysis_Data__2[ZIP],ROW()-2))} -> 76106 | U15: {=IF($M$1="Manual",IFERROR(INDEX(CoStarSaleUnits,MATCH(O15,CoStarSaleName,0)),INDEX(YardiSaleUnits,MATCH(O15,YardiSaleName,0))),INDEX([1]!Output_Analysis_Data__2[Unit Count],ROW()-2))} -> 100 | V15: {=IF($M$1="Manual","",INDEX([1]!Output_Analysis_Data__2[Distance (mi.)],ROW()-2))} -> 10.462589 | W15: {=IF($M$1="Manual",IFERROR(INDEX(CoStarSaleAvgUnitSize,MATCH(O15,CoStarSaleName,0)),INDEX(YardiSaleAvgUnitSize,MATCH(O15,YardiSaleName,0))),INDEX([1]!Output_Analysis_Data__2[Avg Unit SF],ROW()-2))} -> 888 | X15: {=IF($M$1="Manual",IFERROR(INDEX(CoStarSaleYearBuilt,MATCH(O15,CoStarSaleName,0)),INDEX(YardiSaleYearBuilt,MATCH(O15,YardiSaleName,0))),INDEX([1]!Output_Analysis_Data__2[Year Built],ROW()-2))} -> 1972 | Y15: {=IF($M$1="Manual",IF(AA15<>"",AA15,IF(AB15<>"",AB15,IF(AC15<>"",AC15,""))),INDEX([1]!Output_Analysis_Data__2[Sold Price],ROW()-2))} -> 10990000 | Z15: {=IF($M$1="Manual",IFERROR(INDEX(CoStarSaleDate,MATCH(O15,CoStarSaleName,0)),INDEX(YardiSaleDate,MATCH(O15,YardiSaleName,0))),INDEX([1]!Output_Analysis_Data__2[Sale Date],ROW()-2))} -> 45289 | AA15: =IFERROR(INDEX('[1]Agency Loan-Sale Comps'!$J$16:$J$37,MATCH('Comparable Grid'!AD15,'[1]Agency Loan-Sale Comps'!$A$16:$A$37,0),0),"") | AB15: =IFERROR(IF(INDEX(CoStarSalePriceTotal,MATCH(AD15,CoStarSaleCompLookup,0),0)=0,"",INDEX(CoStarSalePriceTotal,MATCH(AD15,CoStarSaleCompLookup,0),0)),"") | AC15: =IFERROR(IF(INDEX(YardiSalePriceTotal,MATCH(AD15,YardiSaleCompLookup,0),0)=0,"",INDEX(YardiSalePriceTotal,MATCH(AD15,YardiSaleCompLookup,0),0)),"") | AD15: =LEFT(Q15,FIND(" ",Q15,1)) -> 4301 | AE15: =AE14&IF($L15="x","x","") -> xxxxxx
C16: Sale Date | E16: =IFERROR(INDEX($Z$3:$Z$52,MATCH("x",$AE$3:$AE$52,0),0),"") -> 45849 | F16: =IFERROR(INDEX($Z$3:$Z$52,MATCH("xx",$AE$3:$AE$52,0),0),"") -> 45702 | G16: =IFERROR(INDEX($Z$3:$Z$52,MATCH("xxx",$AE$3:$AE$52,0),0),"") -> 45183 | H16: =IFERROR(INDEX($Z$3:$Z$52,MATCH("xxxx",$AE$3:$AE$52,0),0),"") -> 45688 | I16: =IFERROR(INDEX($Z$3:$Z$52,MATCH("xxxxx",$AE$3:$AE$52,0),0),"") -> 45379 | M16: =IF($M$1="Manual",IF(Y16="","No Sale Price Disclosed!",""),"") | N16: {=IF($M$1="Manual",IF(AA16<>"","Freddie/Fannie",IF(AB16<>"","CoStar",IF(AC16<>"","Yardi","N/A"))),INDEX([1]!Output_Analysis_Data__2[Info Source],ROW()-2))} -> Yardi | O16: {=IF($M$1="Manual",'[1]Sale Comps'!BY16,INDEX([1]!Output_Analysis_Data__2[Property Name],ROW()-2))} -> Woods of Haltom | P16: =IFERROR(Y16/U16,"") -> 120340.91 | Q16: {=IF($M$1="Manual",IFERROR(INDEX(CoStarSaleAddress,MATCH(O16,CoStarSaleName,0)),INDEX(YardiSaleAddress,MATCH(O16,YardiSaleName,0))),INDEX([1]!Output_Analysis_Data__2[Property Address],ROW()-2))} -> 4812 Waldemar Street | R16: {=IF($M$1="Manual",IFERROR(INDEX(CoStarSaleCity,MATCH(O16,CoStarSaleName,0)),INDEX(YardiSaleCity,MATCH(O16,YardiSaleName,0))),INDEX([1]!Output_Analysis_Data__2[City],ROW()-2))} -> Haltom City | S16: {=IF($M$1="Manual",IFERROR(INDEX(CoStarSaleState,MATCH(O16,CoStarSaleName,0)),INDEX(YardiSaleState,MATCH(O16,YardiSaleName,0))),INDEX([1]!Output_Analysis_Data__2[State],ROW()-2))} -> TX | T16: {=IF($M$1="Manual",IFERROR(INDEX(CoStarSaleZipcodes,MATCH(O16,CoStarSaleName,0)),INDEX(YardiSaleZipcodes,MATCH(O16,YardiSaleName,0))),INDEX([1]!Output_Analysis_Data__2[ZIP],ROW()-2))} -> 76117 | U16: {=IF($M$1="Manual",IFERROR(INDEX(CoStarSaleUnits,MATCH(O16,CoStarSaleName,0)),INDEX(YardiSaleUnits,MATCH(O16,YardiSaleName,0))),INDEX([1]!Output_Analysis_Data__2[Unit Count],ROW()-2))} -> 88 | V16: {=IF($M$1="Manual","",INDEX([1]!Output_Analysis_Data__2[Distance (mi.)],ROW()-2))} -> 11.714591 | W16: {=IF($M$1="Manual",IFERROR(INDEX(CoStarSaleAvgUnitSize,MATCH(O16,CoStarSaleName,0)),INDEX(YardiSaleAvgUnitSize,MATCH(O16,YardiSaleName,0))),INDEX([1]!Output_Analysis_Data__2[Avg Unit SF],ROW()-2))} -> 886 | X16: {=IF($M$1="Manual",IFERROR(INDEX(CoStarSaleYearBuilt,MATCH(O16,CoStarSaleName,0)),INDEX(YardiSaleYearBuilt,MATCH(O16,YardiSaleName,0))),INDEX([1]!Output_Analysis_Data__2[Year Built],ROW()-2))} -> 1970 | Y16: {=IF($M$1="Manual",IF(AA16<>"",AA16,IF(AB16<>"",AB16,IF(AC16<>"",AC16,""))),INDEX([1]!Output_Analysis_Data__2[Sold Price],ROW()-2))} -> 10590000 | Z16: {=IF($M$1="Manual",IFERROR(INDEX(CoStarSaleDate,MATCH(O16,CoStarSaleName,0)),INDEX(YardiSaleDate,MATCH(O16,YardiSaleName,0))),INDEX([1]!Output_Analysis_Data__2[Sale Date],ROW()-2))} -> 45890 | AA16: =IFERROR(INDEX('[1]Agency Loan-Sale Comps'!$J$16:$J$37,MATCH('Comparable Grid'!AD16,'[1]Agency Loan-Sale Comps'!$A$16:$A$37,0),0),"") | AB16: =IFERROR(IF(INDEX(CoStarSalePriceTotal,MATCH(AD16,CoStarSaleCompLookup,0),0)=0,"",INDEX(CoStarSalePriceTotal,MATCH(AD16,CoStarSaleCompLookup,0),0)),"") | AC16: =IFERROR(IF(INDEX(YardiSalePriceTotal,MATCH(AD16,YardiSaleCompLookup,0),0)=0,"",INDEX(YardiSalePriceTotal,MATCH(AD16,YardiSaleCompLookup,0),0)),"") | AD16: =LEFT(Q16,FIND(" ",Q16,1)) -> 4812 | AE16: =AE15&IF($L16="x","x","") -> xxxxxx
C17: Unit Count | D17: =[1]Master!G33 -> 40 | E17: =IFERROR(INDEX($U$3:$U$52,MATCH("x",$AE$3:$AE$52,0),0),"") -> 278 | F17: =IFERROR(INDEX($U$3:$U$52,MATCH("xx",$AE$3:$AE$52,0),0),"") -> 410 | G17: =IFERROR(INDEX($U$3:$U$52,MATCH("xxx",$AE$3:$AE$52,0),0),"") -> 192 | H17: =IFERROR(INDEX($U$3:$U$52,MATCH("xxxx",$AE$3:$AE$52,0),0),"") -> 60 | I17: =IFERROR(INDEX($U$3:$U$52,MATCH("xxxxx",$AE$3:$AE$52,0),0),"") -> 90 | M17: =IF($M$1="Manual",IF(Y17="","No Sale Price Disclosed!",""),"") | N17: {=IF($M$1="Manual",IF(AA17<>"","Freddie/Fannie",IF(AB17<>"","CoStar",IF(AC17<>"","Yardi","N/A"))),INDEX([1]!Output_Analysis_Data__2[Info Source],ROW()-2))} -> Yardi | O17: {=IF($M$1="Manual",'[1]Sale Comps'!BY17,INDEX([1]!Output_Analysis_Data__2[Property Name],ROW()-2))} -> Ashton Apartment Homes | P17: =IFERROR(Y17/U17,"") -> 131578.95 | Q17: {=IF($M$1="Manual",IFERROR(INDEX(CoStarSaleAddress,MATCH(O17,CoStarSaleName,0)),INDEX(YardiSaleAddress,MATCH(O17,YardiSaleName,0))),INDEX([1]!Output_Analysis_Data__2[Property Address],ROW()-2))} -> 681 North Saginaw Blvd | R17: {=IF($M$1="Manual",IFERROR(INDEX(CoStarSaleCity,MATCH(O17,CoStarSaleName,0)),INDEX(YardiSaleCity,MATCH(O17,YardiSaleName,0))),INDEX([1]!Output_Analysis_Data__2[City],ROW()-2))} -> Saginaw | S17: {=IF($M$1="Manual",IFERROR(INDEX(CoStarSaleState,MATCH(O17,CoStarSaleName,0)),INDEX(YardiSaleState,MATCH(O17,YardiSaleName,0))),INDEX([1]!Output_Analysis_Data__2[State],ROW()-2))} -> TX | T17: {=IF($M$1="Manual",IFERROR(INDEX(CoStarSaleZipcodes,MATCH(O17,CoStarSaleName,0)),INDEX(YardiSaleZipcodes,MATCH(O17,YardiSaleName,0))),INDEX([1]!Output_Analysis_Data__2[ZIP],ROW()-2))} -> 76179 | U17: {=IF($M$1="Manual",IFERROR(INDEX(CoStarSaleUnits,MATCH(O17,CoStarSaleName,0)),INDEX(YardiSaleUnits,MATCH(O17,YardiSaleName,0))),INDEX([1]!Output_Analysis_Data__2[Unit Count],ROW()-2))} -> 152 | V17: {=IF($M$1="Manual","",INDEX([1]!Output_Analysis_Data__2[Distance (mi.)],ROW()-2))} -> 12.132617 | W17: {=IF($M$1="Manual",IFERROR(INDEX(CoStarSaleAvgUnitSize,MATCH(O17,CoStarSaleName,0)),INDEX(YardiSaleAvgUnitSize,MATCH(O17,YardiSaleName,0))),INDEX([1]!Output_Analysis_Data__2[Avg Unit SF],ROW()-2))} -> 774 | X17: {=IF($M$1="Manual",IFERROR(INDEX(CoStarSaleYearBuilt,MATCH(O17,CoStarSaleName,0)),INDEX(YardiSaleYearBuilt,MATCH(O17,YardiSaleName,0))),INDEX([1]!Output_Analysis_Data__2[Year Built],ROW()-2))} -> 1984 | Y17: {=IF($M$1="Manual",IF(AA17<>"",AA17,IF(AB17<>"",AB17,IF(AC17<>"",AC17,""))),INDEX([1]!Output_Analysis_Data__2[Sold Price],ROW()-2))} -> 20000000 | Z17: {=IF($M$1="Manual",IFERROR(INDEX(CoStarSaleDate,MATCH(O17,CoStarSaleName,0)),INDEX(YardiSaleDate,MATCH(O17,YardiSaleName,0))),INDEX([1]!Output_Analysis_Data__2[Sale Date],ROW()-2))} -> 45733 | AA17: =IFERROR(INDEX('[1]Agency Loan-Sale Comps'!$J$16:$J$37,MATCH('Comparable Grid'!AD17,'[1]Agency Loan-Sale Comps'!$A$16:$A$37,0),0),"") | AB17: =IFERROR(IF(INDEX(CoStarSalePriceTotal,MATCH(AD17,CoStarSaleCompLookup,0),0)=0,"",INDEX(CoStarSalePriceTotal,MATCH(AD17,CoStarSaleCompLookup,0),0)),"") | AC17: =IFERROR(IF(INDEX(YardiSalePriceTotal,MATCH(AD17,YardiSaleCompLookup,0),0)=0,"",INDEX(YardiSalePriceTotal,MATCH(AD17,YardiSaleCompLookup,0),0)),"") | AD17: =LEFT(Q17,FIND(" ",Q17,1)) -> 681 | AE17: =AE16&IF($L17="x","x","") -> xxxxxx
C18: Sale Price/Unit | E18: =IFERROR(E15/E17,"") -> 111510.79 | F18: =IFERROR(F15/F17,"") -> 101414.63 | G18: =IFERROR(G15/G17,"") -> 105729.17 | H18: =IFERROR(H15/H17,"") -> 92000 | I18: =IFERROR(I15/I17,"") -> 108888.89 | M18: =IF($M$1="Manual",IF(Y18="","No Sale Price Disclosed!",""),"") | N18: {=IF($M$1="Manual",IF(AA18<>"","Freddie/Fannie",IF(AB18<>"","CoStar",IF(AC18<>"","Yardi","N/A"))),INDEX([1]!Output_Analysis_Data__2[Info Source],ROW()-2))} -> Fannie | O18: {=IF($M$1="Manual",'[1]Sale Comps'!BY18,INDEX([1]!Output_Analysis_Data__2[Property Name],ROW()-2))} -> Oaks at Jane Lane | P18: =IFERROR(Y18/U18,"") -> 105733.94 | Q18: {=IF($M$1="Manual",IFERROR(INDEX(CoStarSaleAddress,MATCH(O18,CoStarSaleName,0)),INDEX(YardiSaleAddress,MATCH(O18,YardiSaleName,0))),INDEX([1]!Output_Analysis_Data__2[Property Address],ROW()-2))} -> 3001 Jane Lane | R18: {=IF($M$1="Manual",IFERROR(INDEX(CoStarSaleCity,MATCH(O18,CoStarSaleName,0)),INDEX(YardiSaleCity,MATCH(O18,YardiSaleName,0))),INDEX([1]!Output_Analysis_Data__2[City],ROW()-2))} -> Haltom City | S18: {=IF($M$1="Manual",IFERROR(INDEX(CoStarSaleState,MATCH(O18,CoStarSaleName,0)),INDEX(YardiSaleState,MATCH(O18,YardiSaleName,0))),INDEX([1]!Output_Analysis_Data__2[State],ROW()-2))} -> TX | T18: {=IF($M$1="Manual",IFERROR(INDEX(CoStarSaleZipcodes,MATCH(O18,CoStarSaleName,0)),INDEX(YardiSaleZipcodes,MATCH(O18,YardiSaleName,0))),INDEX([1]!Output_Analysis_Data__2[ZIP],ROW()-2))} -> 76117 | U18: {=IF($M$1="Manual",IFERROR(INDEX(CoStarSaleUnits,MATCH(O18,CoStarSaleName,0)),INDEX(YardiSaleUnits,MATCH(O18,YardiSaleName,0))),INDEX([1]!Output_Analysis_Data__2[Unit Count],ROW()-2))} -> 109 | V18: {=IF($M$1="Manual","",INDEX([1]!Output_Analysis_Data__2[Distance (mi.)],ROW()-2))} -> 12.547129 | W18: {=IF($M$1="Manual",IFERROR(INDEX(CoStarSaleAvgUnitSize,MATCH(O18,CoStarSaleName,0)),INDEX(YardiSaleAvgUnitSize,MATCH(O18,YardiSaleName,0))),INDEX([1]!Output_Analysis_Data__2[Avg Unit SF],ROW()-2))} -> 869 | X18: {=IF($M$1="Manual",IFERROR(INDEX(CoStarSaleYearBuilt,MATCH(O18,CoStarSaleName,0)),INDEX(YardiSaleYearBuilt,MATCH(O18,YardiSaleName,0))),INDEX([1]!Output_Analysis_Data__2[Year Built],ROW()-2))} -> 1969 | Y18: {=IF($M$1="Manual",IF(AA18<>"",AA18,IF(AB18<>"",AB18,IF(AC18<>"",AC18,""))),INDEX([1]!Output_Analysis_Data__2[Sold Price],ROW()-2))} -> 11525000 | Z18: {=IF($M$1="Manual",IFERROR(INDEX(CoStarSaleDate,MATCH(O18,CoStarSaleName,0)),INDEX(YardiSaleDate,MATCH(O18,YardiSaleName,0))),INDEX([1]!Output_Analysis_Data__2[Sale Date],ROW()-2))} -> 45733 | AA18: =IFERROR(INDEX('[1]Agency Loan-Sale Comps'!$J$16:$J$37,MATCH('Comparable Grid'!AD18,'[1]Agency Loan-Sale Comps'!$A$16:$A$37,0),0),"") | AB18: =IFERROR(IF(INDEX(CoStarSalePriceTotal,MATCH(AD18,CoStarSaleCompLookup,0),0)=0,"",INDEX(CoStarSalePriceTotal,MATCH(AD18,CoStarSaleCompLookup,0),0)),"") | AC18: =IFERROR(IF(INDEX(YardiSalePriceTotal,MATCH(AD18,YardiSaleCompLookup,0),0)=0,"",INDEX(YardiSalePriceTotal,MATCH(AD18,YardiSaleCompLookup,0),0)),"") | AD18: =LEFT(Q18,FIND(" ",Q18,1)) -> 3001 | AE18: =AE17&IF($L18="x","x","") -> xxxxxx
M19: =IF($M$1="Manual",IF(Y19="","No Sale Price Disclosed!",""),"") | N19: {=IF($M$1="Manual",IF(AA19<>"","Freddie/Fannie",IF(AB19<>"","CoStar",IF(AC19<>"","Yardi","N/A"))),INDEX([1]!Output_Analysis_Data__2[Info Source],ROW()-2))} -> Fannie | O19: {=IF($M$1="Manual",'[1]Sale Comps'!BY19,INDEX([1]!Output_Analysis_Data__2[Property Name],ROW()-2))} -> Luna Vista | P19: =IFERROR(Y19/U19,"") -> 113983.05 | Q19: {=IF($M$1="Manual",IFERROR(INDEX(CoStarSaleAddress,MATCH(O19,CoStarSaleName,0)),INDEX(YardiSaleAddress,MATCH(O19,YardiSaleName,0))),INDEX([1]!Output_Analysis_Data__2[Property Address],ROW()-2))} -> 5925 Callaston Lane | R19: {=IF($M$1="Manual",IFERROR(INDEX(CoStarSaleCity,MATCH(O19,CoStarSaleName,0)),INDEX(YardiSaleCity,MATCH(O19,YardiSaleName,0))),INDEX([1]!Output_Analysis_Data__2[City],ROW()-2))} -> Fort Worth | S19: {=IF($M$1="Manual",IFERROR(INDEX(CoStarSaleState,MATCH(O19,CoStarSaleName,0)),INDEX(YardiSaleState,MATCH(O19,YardiSaleName,0))),INDEX([1]!Output_Analysis_Data__2[State],ROW()-2))} -> TX | T19: {=IF($M$1="Manual",IFERROR(INDEX(CoStarSaleZipcodes,MATCH(O19,CoStarSaleName,0)),INDEX(YardiSaleZipcodes,MATCH(O19,YardiSaleName,0))),INDEX([1]!Output_Analysis_Data__2[ZIP],ROW()-2))} -> 76112 | U19: {=IF($M$1="Manual",IFERROR(INDEX(CoStarSaleUnits,MATCH(O19,CoStarSaleName,0)),INDEX(YardiSaleUnits,MATCH(O19,YardiSaleName,0))),INDEX([1]!Output_Analysis_Data__2[Unit Count],ROW()-2))} -> 236 | V19: {=IF($M$1="Manual","",INDEX([1]!Output_Analysis_Data__2[Distance (mi.)],ROW()-2))} -> 13.619964 | W19: {=IF($M$1="Manual",IFERROR(INDEX(CoStarSaleAvgUnitSize,MATCH(O19,CoStarSaleName,0)),INDEX(YardiSaleAvgUnitSize,MATCH(O19,YardiSaleName,0))),INDEX([1]!Output_Analysis_Data__2[Avg Unit SF],ROW()-2))} -> 786 | X19: {=IF($M$1="Manual",IFERROR(INDEX(CoStarSaleYearBuilt,MATCH(O19,CoStarSaleName,0)),INDEX(YardiSaleYearBuilt,MATCH(O19,YardiSaleName,0))),INDEX([1]!Output_Analysis_Data__2[Year Built],ROW()-2))} -> 1979 | Y19: {=IF($M$1="Manual",IF(AA19<>"",AA19,IF(AB19<>"",AB19,IF(AC19<>"",AC19,""))),INDEX([1]!Output_Analysis_Data__2[Sold Price],ROW()-2))} -> 26900000 | Z19: {=IF($M$1="Manual",IFERROR(INDEX(CoStarSaleDate,MATCH(O19,CoStarSaleName,0)),INDEX(YardiSaleDate,MATCH(O19,YardiSaleName,0))),INDEX([1]!Output_Analysis_Data__2[Sale Date],ROW()-2))} -> 45215 | AA19: =IFERROR(INDEX('[1]Agency Loan-Sale Comps'!$J$16:$J$37,MATCH('Comparable Grid'!AD19,'[1]Agency Loan-Sale Comps'!$A$16:$A$37,0),0),"") | AB19: =IFERROR(IF(INDEX(CoStarSalePriceTotal,MATCH(AD19,CoStarSaleCompLookup,0),0)=0,"",INDEX(CoStarSalePriceTotal,MATCH(AD19,CoStarSaleCompLookup,0),0)),"") | AC19: =IFERROR(IF(INDEX(YardiSalePriceTotal,MATCH(AD19,YardiSaleCompLookup,0),0)=0,"",INDEX(YardiSalePriceTotal,MATCH(AD19,YardiSaleCompLookup,0),0)),"") | AD19: =LEFT(Q19,FIND(" ",Q19,1)) -> 5925 | AE19: =AE18&IF($L19="x","x","") -> xxxxxx
C20: Adjustments | M20: =IF($M$1="Manual",IF(Y20="","No Sale Price Disclosed!",""),"") | N20: {=IF($M$1="Manual",IF(AA20<>"","Freddie/Fannie",IF(AB20<>"","CoStar",IF(AC20<>"","Yardi","N/A"))),INDEX([1]!Output_Analysis_Data__2[Info Source],ROW()-2))} -> Yardi | O20: {=IF($M$1="Manual",'[1]Sale Comps'!BY20,INDEX([1]!Output_Analysis_Data__2[Property Name],ROW()-2))} -> Rise Fossil Creek | P20: =IFERROR(Y20/U20,"") -> 154930.56 | Q20: {=IF($M$1="Manual",IFERROR(INDEX(CoStarSaleAddress,MATCH(O20,CoStarSaleName,0)),INDEX(YardiSaleAddress,MATCH(O20,YardiSaleName,0))),INDEX([1]!Output_Analysis_Data__2[Property Address],ROW()-2))} -> 5600 North Beach Street | R20: {=IF($M$1="Manual",IFERROR(INDEX(CoStarSaleCity,MATCH(O20,CoStarSaleName,0)),INDEX(YardiSaleCity,MATCH(O20,YardiSaleName,0))),INDEX([1]!Output_Analysis_Data__2[City],ROW()-2))} -> Haltom City | S20: {=IF($M$1="Manual",IFERROR(INDEX(CoStarSaleState,MATCH(O20,CoStarSaleName,0)),INDEX(YardiSaleState,MATCH(O20,YardiSaleName,0))),INDEX([1]!Output_Analysis_Data__2[State],ROW()-2))} -> TX | T20: {=IF($M$1="Manual",IFERROR(INDEX(CoStarSaleZipcodes,MATCH(O20,CoStarSaleName,0)),INDEX(YardiSaleZipcodes,MATCH(O20,YardiSaleName,0))),INDEX([1]!Output_Analysis_Data__2[ZIP],ROW()-2))} -> 76137 | U20: {=IF($M$1="Manual",IFERROR(INDEX(CoStarSaleUnits,MATCH(O20,CoStarSaleName,0)),INDEX(YardiSaleUnits,MATCH(O20,YardiSaleName,0))),INDEX([1]!Output_Analysis_Data__2[Unit Count],ROW()-2))} -> 288 | V20: {=IF($M$1="Manual","",INDEX([1]!Output_Analysis_Data__2[Distance (mi.)],ROW()-2))} -> 13.671819 | W20: {=IF($M$1="Manual",IFERROR(INDEX(CoStarSaleAvgUnitSize,MATCH(O20,CoStarSaleName,0)),INDEX(YardiSaleAvgUnitSize,MATCH(O20,YardiSaleName,0))),INDEX([1]!Output_Analysis_Data__2[Avg Unit SF],ROW()-2))} -> 744 | X20: {=IF($M$1="Manual",IFERROR(INDEX(CoStarSaleYearBuilt,MATCH(O20,CoStarSaleName,0)),INDEX(YardiSaleYearBuilt,MATCH(O20,YardiSaleName,0))),INDEX([1]!Output_Analysis_Data__2[Year Built],ROW()-2))} -> 1986 | Y20: {=IF($M$1="Manual",IF(AA20<>"",AA20,IF(AB20<>"",AB20,IF(AC20<>"",AC20,""))),INDEX([1]!Output_Analysis_Data__2[Sold Price],ROW()-2))} -> 44620000 | Z20: {=IF($M$1="Manual",IFERROR(INDEX(CoStarSaleDate,MATCH(O20,CoStarSaleName,0)),INDEX(YardiSaleDate,MATCH(O20,YardiSaleName,0))),INDEX([1]!Output_Analysis_Data__2[Sale Date],ROW()-2))} -> 45401 | AA20: =IFERROR(INDEX('[1]Agency Loan-Sale Comps'!$J$16:$J$37,MATCH('Comparable Grid'!AD20,'[1]Agency Loan-Sale Comps'!$A$16:$A$37,0),0),"") | AB20: =IFERROR(IF(INDEX(CoStarSalePriceTotal,MATCH(AD20,CoStarSaleCompLookup,0),0)=0,"",INDEX(CoStarSalePriceTotal,MATCH(AD20,CoStarSaleCompLookup,0),0)),"") | AC20: =IFERROR(IF(INDEX(YardiSalePriceTotal,MATCH(AD20,YardiSaleCompLookup,0),0)=0,"",INDEX(YardiSalePriceTotal,MATCH(AD20,YardiSaleCompLookup,0),0)),"") | AD20: =LEFT(Q20,FIND(" ",Q20,1)) -> 5600 | AE20: =AE19&IF($L20="x","x","") -> xxxxxx
C21: Year Built¹ | D21: =[1]Master!B18 -> 1979 | E21: =IFERROR(INDEX($X$3:$X$52,MATCH("x",$AE$3:$AE$52,0),0),"") -> 1984 | F21: =IFERROR(INDEX($X$3:$X$52,MATCH("xx",$AE$3:$AE$52,0),0),"") -> 1974 | G21: =IFERROR(INDEX($X$3:$X$52,MATCH("xxx",$AE$3:$AE$52,0),0),"") -> 1985 | H21: =IFERROR(INDEX($X$3:$X$52,MATCH("xxxx",$AE$3:$AE$52,0),0),"") -> 1984 | I21: =IFERROR(INDEX($X$3:$X$52,MATCH("xxxxx",$AE$3:$AE$52,0),0),"") -> 1970 | M21: =IF($M$1="Manual",IF(Y21="","No Sale Price Disclosed!",""),"") | N21: {=IF($M$1="Manual",IF(AA21<>"","Freddie/Fannie",IF(AB21<>"","CoStar",IF(AC21<>"","Yardi","N/A"))),INDEX([1]!Output_Analysis_Data__2[Info Source],ROW()-2))} -> Freddie | O21: {=IF($M$1="Manual",'[1]Sale Comps'!BY21,INDEX([1]!Output_Analysis_Data__2[Property Name],ROW()-2))} -> Cobble Hill | P21: =IFERROR(Y21/U21,"") -> 96323.529 | Q21: {=IF($M$1="Manual",IFERROR(INDEX(CoStarSaleAddress,MATCH(O21,CoStarSaleName,0)),INDEX(YardiSaleAddress,MATCH(O21,YardiSaleName,0))),INDEX([1]!Output_Analysis_Data__2[Property Address],ROW()-2))} -> 6050 Oakland Hills Drive | R21: {=IF($M$1="Manual",IFERROR(INDEX(CoStarSaleCity,MATCH(O21,CoStarSaleName,0)),INDEX(YardiSaleCity,MATCH(O21,YardiSaleName,0))),INDEX([1]!Output_Analysis_Data__2[City],ROW()-2))} -> Fort Worth | S21: {=IF($M$1="Manual",IFERROR(INDEX(CoStarSaleState,MATCH(O21,CoStarSaleName,0)),INDEX(YardiSaleState,MATCH(O21,YardiSaleName,0))),INDEX([1]!Output_Analysis_Data__2[State],ROW()-2))} -> TX | T21: {=IF($M$1="Manual",IFERROR(INDEX(CoStarSaleZipcodes,MATCH(O21,CoStarSaleName,0)),INDEX(YardiSaleZipcodes,MATCH(O21,YardiSaleName,0))),INDEX([1]!Output_Analysis_Data__2[ZIP],ROW()-2))} -> 76112 | U21: {=IF($M$1="Manual",IFERROR(INDEX(CoStarSaleUnits,MATCH(O21,CoStarSaleName,0)),INDEX(YardiSaleUnits,MATCH(O21,YardiSaleName,0))),INDEX([1]!Output_Analysis_Data__2[Unit Count],ROW()-2))} -> 136 | V21: {=IF($M$1="Manual","",INDEX([1]!Output_Analysis_Data__2[Distance (mi.)],ROW()-2))} -> 13.73069 | W21: {=IF($M$1="Manual",IFERROR(INDEX(CoStarSaleAvgUnitSize,MATCH(O21,CoStarSaleName,0)),INDEX(YardiSaleAvgUnitSize,MATCH(O21,YardiSaleName,0))),INDEX([1]!Output_Analysis_Data__2[Avg Unit SF],ROW()-2))} -> 765 | X21: {=IF($M$1="Manual",IFERROR(INDEX(CoStarSaleYearBuilt,MATCH(O21,CoStarSaleName,0)),INDEX(YardiSaleYearBuilt,MATCH(O21,YardiSaleName,0))),INDEX([1]!Output_Analysis_Data__2[Year Built],ROW()-2))} -> 1983 | Y21: {=IF($M$1="Manual",IF(AA21<>"",AA21,IF(AB21<>"",AB21,IF(AC21<>"",AC21,""))),INDEX([1]!Output_Analysis_Data__2[Sold Price],ROW()-2))} -> 13100000 | Z21: {=IF($M$1="Manual",IFERROR(INDEX(CoStarSaleDate,MATCH(O21,CoStarSaleName,0)),INDEX(YardiSaleDate,MATCH(O21,YardiSaleName,0))),INDEX([1]!Output_Analysis_Data__2[Sale Date],ROW()-2))} -> 45538 | AA21: =IFERROR(INDEX('[1]Agency Loan-Sale Comps'!$J$16:$J$37,MATCH('Comparable Grid'!AD21,'[1]Agency Loan-Sale Comps'!$A$16:$A$37,0),0),"") | AB21: =IFERROR(IF(INDEX(CoStarSalePriceTotal,MATCH(AD21,CoStarSaleCompLookup,0),0)=0,"",INDEX(CoStarSalePriceTotal,MATCH(AD21,CoStarSaleCompLookup,0),0)),"") | AC21: =IFERROR(IF(INDEX(YardiSalePriceTotal,MATCH(AD21,YardiSaleCompLookup,0),0)=0,"",INDEX(YardiSalePriceTotal,MATCH(AD21,YardiSaleCompLookup,0),0)),"") | AD21: =LEFT(Q21,FIND(" ",Q21,1)) -> 6050 | AE21: =AE20&IF($L21="x","x","") -> xxxxxx
C22: Adj. | E22: =IFERROR((E21-$D$21)/-100/2,"") -> -0.025 | F22: =IFERROR((F21-$D$21)/-100/2,"") -> 0.025 | G22: =IFERROR((G21-$D$21)/-100/2,"") -> -0.03 | H22: =IFERROR((H21-$D$21)/-100/2,"") -> -0.025 | I22: =IFERROR((I21-$D$21)/-100/2,"") -> 0.045 | M22: =IF($M$1="Manual",IF(Y22="","No Sale Price Disclosed!",""),"") | N22: {=IF($M$1="Manual",IF(AA22<>"","Freddie/Fannie",IF(AB22<>"","CoStar",IF(AC22<>"","Yardi","N/A"))),INDEX([1]!Output_Analysis_Data__2[Info Source],ROW()-2))} -> CoStar | O22: {=IF($M$1="Manual",'[1]Sale Comps'!BY22,INDEX([1]!Output_Analysis_Data__2[Property Name],ROW()-2))} -> Azle Creek Apartments | P22: =IFERROR(Y22/U22,"") -> 86627.907 | Q22: {=IF($M$1="Manual",IFERROR(INDEX(CoStarSaleAddress,MATCH(O22,CoStarSaleName,0)),INDEX(YardiSaleAddress,MATCH(O22,YardiSaleName,0))),INDEX([1]!Output_Analysis_Data__2[Property Address],ROW()-2))} -> 514-527 W Main St | R22: {=IF($M$1="Manual",IFERROR(INDEX(CoStarSaleCity,MATCH(O22,CoStarSaleName,0)),INDEX(YardiSaleCity,MATCH(O22,YardiSaleName,0))),INDEX([1]!Output_Analysis_Data__2[City],ROW()-2))} -> Azle | S22: {=IF($M$1="Manual",IFERROR(INDEX(CoStarSaleState,MATCH(O22,CoStarSaleName,0)),INDEX(YardiSaleState,MATCH(O22,YardiSaleName,0))),INDEX([1]!Output_Analysis_Data__2[State],ROW()-2))} -> TX | T22: {=IF($M$1="Manual",IFERROR(INDEX(CoStarSaleZipcodes,MATCH(O22,CoStarSaleName,0)),INDEX(YardiSaleZipcodes,MATCH(O22,YardiSaleName,0))),INDEX([1]!Output_Analysis_Data__2[ZIP],ROW()-2))} -> 76020 | U22: {=IF($M$1="Manual",IFERROR(INDEX(CoStarSaleUnits,MATCH(O22,CoStarSaleName,0)),INDEX(YardiSaleUnits,MATCH(O22,YardiSaleName,0))),INDEX([1]!Output_Analysis_Data__2[Unit Count],ROW()-2))} -> 43 | V22: {=IF($M$1="Manual","",INDEX([1]!Output_Analysis_Data__2[Distance (mi.)],ROW()-2))} -> 14.539128 | W22: {=IF($M$1="Manual",IFERROR(INDEX(CoStarSaleAvgUnitSize,MATCH(O22,CoStarSaleName,0)),INDEX(YardiSaleAvgUnitSize,MATCH(O22,YardiSaleName,0))),INDEX([1]!Output_Analysis_Data__2[Avg Unit SF],ROW()-2))} -> 718 | X22: {=IF($M$1="Manual",IFERROR(INDEX(CoStarSaleYearBuilt,MATCH(O22,CoStarSaleName,0)),INDEX(YardiSaleYearBuilt,MATCH(O22,YardiSaleName,0))),INDEX([1]!Output_Analysis_Data__2[Year Built],ROW()-2))} -> 1968 | Y22: {=IF($M$1="Manual",IF(AA22<>"",AA22,IF(AB22<>"",AB22,IF(AC22<>"",AC22,""))),INDEX([1]!Output_Analysis_Data__2[Sold Price],ROW()-2))} -> 3725000 | Z22: {=IF($M$1="Manual",IFERROR(INDEX(CoStarSaleDate,MATCH(O22,CoStarSaleName,0)),INDEX(YardiSaleDate,MATCH(O22,YardiSaleName,0))),INDEX([1]!Output_Analysis_Data__2[Sale Date],ROW()-2))} -> 45635 | AA22: =IFERROR(INDEX('[1]Agency Loan-Sale Comps'!$J$16:$J$37,MATCH('Comparable Grid'!AD22,'[1]Agency Loan-Sale Comps'!$A$16:$A$37,0),0),"") | AB22: =IFERROR(IF(INDEX(CoStarSalePriceTotal,MATCH(AD22,CoStarSaleCompLookup,0),0)=0,"",INDEX(CoStarSalePriceTotal,MATCH(AD22,CoStarSaleCompLookup,0),0)),"") | AC22: =IFERROR(IF(INDEX(YardiSalePriceTotal,MATCH(AD22,YardiSaleCompLookup,0),0)=0,"",INDEX(YardiSalePriceTotal,MATCH(AD22,YardiSaleCompLookup,0),0)),"") | AD22: =LEFT(Q22,FIND(" ",Q22,1)) -> 514-527 | AE22: =AE21&IF($L22="x","x","") -> xxxxxx
C23: Average Unit Size² | D23: =[1]Master!H34 -> 820 | E23: =IFERROR(INDEX($W$3:$W$52,MATCH("x",$AE$3:$AE$52,0),0),"") -> 799 | F23: =IFERROR(INDEX($W$3:$W$52,MATCH("xx",$AE$3:$AE$52,0),0),"") -> 878 | G23: =IFERROR(INDEX($W$3:$W$52,MATCH("xxx",$AE$3:$AE$52,0),0),"") -> 815 | H23: =IFERROR(INDEX($W$3:$W$52,MATCH("xxxx",$AE$3:$AE$52,0),0),"") -> 1128 | I23: =IFERROR(INDEX($W$3:$W$52,MATCH("xxxxx",$AE$3:$AE$52,0),0),"") -> 818 | M23: =IF($M$1="Manual",IF(Y23="","No Sale Price Disclosed!",""),"") | N23: {=IF($M$1="Manual",IF(AA23<>"","Freddie/Fannie",IF(AB23<>"","CoStar",IF(AC23<>"","Yardi","N/A"))),INDEX([1]!Output_Analysis_Data__2[Info Source],ROW()-2))} -> CoStar | O23: {=IF($M$1="Manual",'[1]Sale Comps'!BY23,INDEX([1]!Output_Analysis_Data__2[Property Name],ROW()-2))} -> Riverwalk Apartments | P23: =IFERROR(Y23/U23,"") -> 79288.08 | Q23: {=IF($M$1="Manual",IFERROR(INDEX(CoStarSaleAddress,MATCH(O23,CoStarSaleName,0)),INDEX(YardiSaleAddress,MATCH(O23,YardiSaleName,0))),INDEX([1]!Output_Analysis_Data__2[Property Address],ROW()-2))} -> 7412 Ederville Rd | R23: {=IF($M$1="Manual",IFERROR(INDEX(CoStarSaleCity,MATCH(O23,CoStarSaleName,0)),INDEX(YardiSaleCity,MATCH(O23,YardiSaleName,0))),INDEX([1]!Output_Analysis_Data__2[City],ROW()-2))} -> Fort Worth | S23: {=IF($M$1="Manual",IFERROR(INDEX(CoStarSaleState,MATCH(O23,CoStarSaleName,0)),INDEX(YardiSaleState,MATCH(O23,YardiSaleName,0))),INDEX([1]!Output_Analysis_Data__2[State],ROW()-2))} -> TX | T23: {=IF($M$1="Manual",IFERROR(INDEX(CoStarSaleZipcodes,MATCH(O23,CoStarSaleName,0)),INDEX(YardiSaleZipcodes,MATCH(O23,YardiSaleName,0))),INDEX([1]!Output_Analysis_Data__2[ZIP],ROW()-2))} -> 76112 | U23: {=IF($M$1="Manual",IFERROR(INDEX(CoStarSaleUnits,MATCH(O23,CoStarSaleName,0)),INDEX(YardiSaleUnits,MATCH(O23,YardiSaleName,0))),INDEX([1]!Output_Analysis_Data__2[Unit Count],ROW()-2))} -> 224 | V23: {=IF($M$1="Manual","",INDEX([1]!Output_Analysis_Data__2[Distance (mi.)],ROW()-2))} -> 15.313236 | W23: {=IF($M$1="Manual",IFERROR(INDEX(CoStarSaleAvgUnitSize,MATCH(O23,CoStarSaleName,0)),INDEX(YardiSaleAvgUnitSize,MATCH(O23,YardiSaleName,0))),INDEX([1]!Output_Analysis_Data__2[Avg Unit SF],ROW()-2))} -> 876 | X23: {=IF($M$1="Manual",IFERROR(INDEX(CoStarSaleYearBuilt,MATCH(O23,CoStarSaleName,0)),INDEX(YardiSaleYearBuilt,MATCH(O23,YardiSaleName,0))),INDEX([1]!Output_Analysis_Data__2[Year Built],ROW()-2))} -> 1978 | Y23: {=IF($M$1="Manual",IF(AA23<>"",AA23,IF(AB23<>"",AB23,IF(AC23<>"",AC23,""))),INDEX([1]!Output_Analysis_Data__2[Sold Price],ROW()-2))} -> 17760530 | Z23: {=IF($M$1="Manual",IFERROR(INDEX(CoStarSaleDate,MATCH(O23,CoStarSaleName,0)),INDEX(YardiSaleDate,MATCH(O23,YardiSaleName,0))),INDEX([1]!Output_Analysis_Data__2[Sale Date],ROW()-2))} -> 45197 | AA23: =IFERROR(INDEX('[1]Agency Loan-Sale Comps'!$J$16:$J$37,MATCH('Comparable Grid'!AD23,'[1]Agency Loan-Sale Comps'!$A$16:$A$37,0),0),"") | AB23: =IFERROR(IF(INDEX(CoStarSalePriceTotal,MATCH(AD23,CoStarSaleCompLookup,0),0)=0,"",INDEX(CoStarSalePriceTotal,MATCH(AD23,CoStarSaleCompLookup,0),0)),"") | AC23: =IFERROR(IF(INDEX(YardiSalePriceTotal,MATCH(AD23,YardiSaleCompLookup,0),0)=0,"",INDEX(YardiSalePriceTotal,MATCH(AD23,YardiSaleCompLookup,0),0)),"") | AD23: =LEFT(Q23,FIND(" ",Q23,1)) -> 7412 | AE23: =AE22&IF($L23="x","x","") -> xxxxxx
C24: Adj. | E24: =IFERROR(-(E23/$D$23-1)/4,"") -> 0.006402439 | F24: =IFERROR(-(F23/$D$23-1)/4,"") -> -0.017682927 | G24: =IFERROR(-(G23/$D$23-1)/4,"") -> 0.0015243902 | H24: =IFERROR(-(H23/$D$23-1)/4,"") -> -0.093902439 | I24: =IFERROR(-(I23/$D$23-1)/4,"") -> 0.0006097561 | M24: =IF($M$1="Manual",IF(Y24="","No Sale Price Disclosed!",""),"") | N24: {=IF($M$1="Manual",IF(AA24<>"","Freddie/Fannie",IF(AB24<>"","CoStar",IF(AC24<>"","Yardi","N/A"))),INDEX([1]!Output_Analysis_Data__2[Info Source],ROW()-2))} -> CoStar | O24: {=IF($M$1="Manual",'[1]Sale Comps'!BY24,INDEX([1]!Output_Analysis_Data__2[Property Name],ROW()-2))} -> Reese at Eastchase | P24: =IFERROR(Y24/U24,"") -> 112179.49 | Q24: {=IF($M$1="Manual",IFERROR(INDEX(CoStarSaleAddress,MATCH(O24,CoStarSaleName,0)),INDEX(YardiSaleAddress,MATCH(O24,YardiSaleName,0))),INDEX([1]!Output_Analysis_Data__2[Property Address],ROW()-2))} -> 9001 Randol Mill Rd | R24: {=IF($M$1="Manual",IFERROR(INDEX(CoStarSaleCity,MATCH(O24,CoStarSaleName,0)),INDEX(YardiSaleCity,MATCH(O24,YardiSaleName,0))),INDEX([1]!Output_Analysis_Data__2[City],ROW()-2))} -> Fort Worth | S24: {=IF($M$1="Manual",IFERROR(INDEX(CoStarSaleState,MATCH(O24,CoStarSaleName,0)),INDEX(YardiSaleState,MATCH(O24,YardiSaleName,0))),INDEX([1]!Output_Analysis_Data__2[State],ROW()-2))} -> TX | T24: {=IF($M$1="Manual",IFERROR(INDEX(CoStarSaleZipcodes,MATCH(O24,CoStarSaleName,0)),INDEX(YardiSaleZipcodes,MATCH(O24,YardiSaleName,0))),INDEX([1]!Output_Analysis_Data__2[ZIP],ROW()-2))} -> 76120 | U24: {=IF($M$1="Manual",IFERROR(INDEX(CoStarSaleUnits,MATCH(O24,CoStarSaleName,0)),INDEX(YardiSaleUnits,MATCH(O24,YardiSaleName,0))),INDEX([1]!Output_Analysis_Data__2[Unit Count],ROW()-2))} -> 312 | V24: {=IF($M$1="Manual","",INDEX([1]!Output_Analysis_Data__2[Distance (mi.)],ROW()-2))} -> 17.60772 | W24: {=IF($M$1="Manual",IFERROR(INDEX(CoStarSaleAvgUnitSize,MATCH(O24,CoStarSaleName,0)),INDEX(YardiSaleAvgUnitSize,MATCH(O24,YardiSaleName,0))),INDEX([1]!Output_Analysis_Data__2[Avg Unit SF],ROW()-2))} -> 773 | X24: {=IF($M$1="Manual",IFERROR(INDEX(CoStarSaleYearBuilt,MATCH(O24,CoStarSaleName,0)),INDEX(YardiSaleYearBuilt,MATCH(O24,YardiSaleName,0))),INDEX([1]!Output_Analysis_Data__2[Year Built],ROW()-2))} -> 1984 | Y24: {=IF($M$1="Manual",IF(AA24<>"",AA24,IF(AB24<>"",AB24,IF(AC24<>"",AC24,""))),INDEX([1]!Output_Analysis_Data__2[Sold Price],ROW()-2))} -> 35000000 | Z24: {=IF($M$1="Manual",IFERROR(INDEX(CoStarSaleDate,MATCH(O24,CoStarSaleName,0)),INDEX(YardiSaleDate,MATCH(O24,YardiSaleName,0))),INDEX([1]!Output_Analysis_Data__2[Sale Date],ROW()-2))} -> 45196 | AA24: =IFERROR(INDEX('[1]Agency Loan-Sale Comps'!$J$16:$J$37,MATCH('Comparable Grid'!AD24,'[1]Agency Loan-Sale Comps'!$A$16:$A$37,0),0),"") | AB24: =IFERROR(IF(INDEX(CoStarSalePriceTotal,MATCH(AD24,CoStarSaleCompLookup,0),0)=0,"",INDEX(CoStarSalePriceTotal,MATCH(AD24,CoStarSaleCompLookup,0),0)),"") | AC24: =IFERROR(IF(INDEX(YardiSalePriceTotal,MATCH(AD24,YardiSaleCompLookup,0),0)=0,"",INDEX(YardiSalePriceTotal,MATCH(AD24,YardiSaleCompLookup,0),0)),"") | AD24: =LEFT(Q24,FIND(" ",Q24,1)) -> 9001 | AE24: =AE23&IF($L24="x","x","") -> xxxxxx
C25: Cap Rate Drift (basis points)³ | E25: =IFERROR(ROUND(IF(TODAY()-E16<=365,0, IF(AND(TODAY()-E16>365,TODAY()-E16<=730),'[1]Agency Loan-Sale Comps'!$AI$16-'[1]Agency Loan-Sale Comps'!$AI$17, IF(AND(TODAY()-E16>730,TODAY()-E16<=1095),'[1]Agency Loan-Sale Comps'!$AI$16-'[1]Agency Loan-Sale Comps'!$AI$18, IF(TODAY()-E16>1095,'[1]Agency Loan-Sale Comps'!$AI$16-'[1]Agency Loan-Sale Comps'!$AI$19))))*10000,-1),"") | F25: 0 | G25: 0 | H25: 0 | I25: 0 | M25: =IF($M$1="Manual",IF(Y25="","No Sale Price Disclosed!",""),"") | N25: {=IF($M$1="Manual",IF(AA25<>"","Freddie/Fannie",IF(AB25<>"","CoStar",IF(AC25<>"","Yardi","N/A"))),INDEX([1]!Output_Analysis_Data__2[Info Source],ROW()-2))} -> Yardi | O25: {=IF($M$1="Manual",'[1]Sale Comps'!BY25,INDEX([1]!Output_Analysis_Data__2[Property Name],ROW()-2))} -> Serena Vista Apartment Homes | P25: =IFERROR(Y25/U25,"") -> 33333.333 | Q25: {=IF($M$1="Manual",IFERROR(INDEX(CoStarSaleAddress,MATCH(O25,CoStarSaleName,0)),INDEX(YardiSaleAddress,MATCH(O25,YardiSaleName,0))),INDEX([1]!Output_Analysis_Data__2[Property Address],ROW()-2))} -> 1500 San Francisco Court | R25: {=IF($M$1="Manual",IFERROR(INDEX(CoStarSaleCity,MATCH(O25,CoStarSaleName,0)),INDEX(YardiSaleCity,MATCH(O25,YardiSaleName,0))),INDEX([1]!Output_Analysis_Data__2[City],ROW()-2))} -> Arlington | S25: {=IF($M$1="Manual",IFERROR(INDEX(CoStarSaleState,MATCH(O25,CoStarSaleName,0)),INDEX(YardiSaleState,MATCH(O25,YardiSaleName,0))),INDEX([1]!Output_Analysis_Data__2[State],ROW()-2))} -> TX | T25: {=IF($M$1="Manual",IFERROR(INDEX(CoStarSaleZipcodes,MATCH(O25,CoStarSaleName,0)),INDEX(YardiSaleZipcodes,MATCH(O25,YardiSaleName,0))),INDEX([1]!Output_Analysis_Data__2[ZIP],ROW()-2))} -> 76012 | U25: {=IF($M$1="Manual",IFERROR(INDEX(CoStarSaleUnits,MATCH(O25,CoStarSaleName,0)),INDEX(YardiSaleUnits,MATCH(O25,YardiSaleName,0))),INDEX([1]!Output_Analysis_Data__2[Unit Count],ROW()-2))} -> 120 | V25: {=IF($M$1="Manual","",INDEX([1]!Output_Analysis_Data__2[Distance (mi.)],ROW()-2))} -> 18.023409 | W25: {=IF($M$1="Manual",IFERROR(INDEX(CoStarSaleAvgUnitSize,MATCH(O25,CoStarSaleName,0)),INDEX(YardiSaleAvgUnitSize,MATCH(O25,YardiSaleName,0))),INDEX([1]!Output_Analysis_Data__2[Avg Unit SF],ROW()-2))} -> 872 | X25: {=IF($M$1="Manual",IFERROR(INDEX(CoStarSaleYearBuilt,MATCH(O25,CoStarSaleName,0)),INDEX(YardiSaleYearBuilt,MATCH(O25,YardiSaleName,0))),INDEX([1]!Output_Analysis_Data__2[Year Built],ROW()-2))} -> 1980 | Y25: {=IF($M$1="Manual",IF(AA25<>"",AA25,IF(AB25<>"",AB25,IF(AC25<>"",AC25,""))),INDEX([1]!Output_Analysis_Data__2[Sold Price],ROW()-2))} -> 4000000 | Z25: {=IF($M$1="Manual",IFERROR(INDEX(CoStarSaleDate,MATCH(O25,CoStarSaleName,0)),INDEX(YardiSaleDate,MATCH(O25,YardiSaleName,0))),INDEX([1]!Output_Analysis_Data__2[Sale Date],ROW()-2))} -> 45489 | AA25: =IFERROR(INDEX('[1]Agency Loan-Sale Comps'!$J$16:$J$37,MATCH('Comparable Grid'!AD25,'[1]Agency Loan-Sale Comps'!$A$16:$A$37,0),0),"") | AB25: =IFERROR(IF(INDEX(CoStarSalePriceTotal,MATCH(AD25,CoStarSaleCompLookup,0),0)=0,"",INDEX(CoStarSalePriceTotal,MATCH(AD25,CoStarSaleCompLookup,0),0)),"") | AC25: =IFERROR(IF(INDEX(YardiSalePriceTotal,MATCH(AD25,YardiSaleCompLookup,0),0)=0,"",INDEX(YardiSalePriceTotal,MATCH(AD25,YardiSaleCompLookup,0),0)),"") | AD25: =LEFT(Q25,FIND(" ",Q25,1)) -> 1500 | AE25: =AE24&IF($L25="x","x","") -> xxxxxx
C26: Adj. | E26: =IFERROR((((E15*('[1]Agency Loan-Sale Comps'!$Z$40-E25))/('[1]Agency Loan-Sale Comps'!$Z$40))/E15-1)/10000,"") | F26: =IFERROR((((F15*('[1]Agency Loan-Sale Comps'!$Z$40-F25))/('[1]Agency Loan-Sale Comps'!$Z$40))/F15-1)/10000,"") -> 0 | G26: =IFERROR((((G15*('[1]Agency Loan-Sale Comps'!$Z$40-G25))/('[1]Agency Loan-Sale Comps'!$Z$40))/G15-1)/10000,"") -> 0 | H26: =IFERROR((((H15*('[1]Agency Loan-Sale Comps'!$Z$40-H25))/('[1]Agency Loan-Sale Comps'!$Z$40))/H15-1)/10000,"") -> 0 | I26: =IFERROR((((I15*('[1]Agency Loan-Sale Comps'!$Z$40-I25))/('[1]Agency Loan-Sale Comps'!$Z$40))/I15-1)/10000,"") -> 0 | M26: =IF($M$1="Manual",IF(Y26="","No Sale Price Disclosed!",""),"") | N26: {=IF($M$1="Manual",IF(AA26<>"","Freddie/Fannie",IF(AB26<>"","CoStar",IF(AC26<>"","Yardi","N/A"))),INDEX([1]!Output_Analysis_Data__2[Info Source],ROW()-2))} -> CoStar | O26: {=IF($M$1="Manual",'[1]Sale Comps'!BY26,INDEX([1]!Output_Analysis_Data__2[Property Name],ROW()-2))} -> Serena Vista | P26: =IFERROR(Y26/U26,"") -> 110000 | Q26: {=IF($M$1="Manual",IFERROR(INDEX(CoStarSaleAddress,MATCH(O26,CoStarSaleName,0)),INDEX(YardiSaleAddress,MATCH(O26,YardiSaleName,0))),INDEX([1]!Output_Analysis_Data__2[Property Address],ROW()-2))} -> 1519 San Francisco Ct | R26: {=IF($M$1="Manual",IFERROR(INDEX(CoStarSaleCity,MATCH(O26,CoStarSaleName,0)),INDEX(YardiSaleCity,MATCH(O26,YardiSaleName,0))),INDEX([1]!Output_Analysis_Data__2[City],ROW()-2))} -> Arlington | S26: {=IF($M$1="Manual",IFERROR(INDEX(CoStarSaleState,MATCH(O26,CoStarSaleName,0)),INDEX(YardiSaleState,MATCH(O26,YardiSaleName,0))),INDEX([1]!Output_Analysis_Data__2[State],ROW()-2))} -> TX | T26: {=IF($M$1="Manual",IFERROR(INDEX(CoStarSaleZipcodes,MATCH(O26,CoStarSaleName,0)),INDEX(YardiSaleZipcodes,MATCH(O26,YardiSaleName,0))),INDEX([1]!Output_Analysis_Data__2[ZIP],ROW()-2))} -> 76012 | U26: {=IF($M$1="Manual",IFERROR(INDEX(CoStarSaleUnits,MATCH(O26,CoStarSaleName,0)),INDEX(YardiSaleUnits,MATCH(O26,YardiSaleName,0))),INDEX([1]!Output_Analysis_Data__2[Unit Count],ROW()-2))} -> 120 | V26: {=IF($M$1="Manual","",INDEX([1]!Output_Analysis_Data__2[Distance (mi.)],ROW()-2))} -> 18.062464 | W26: {=IF($M$1="Manual",IFERROR(INDEX(CoStarSaleAvgUnitSize,MATCH(O26,CoStarSaleName,0)),INDEX(YardiSaleAvgUnitSize,MATCH(O26,YardiSaleName,0))),INDEX([1]!Output_Analysis_Data__2[Avg Unit SF],ROW()-2))} -> 869 | X26: {=IF($M$1="Manual",IFERROR(INDEX(CoStarSaleYearBuilt,MATCH(O26,CoStarSaleName,0)),INDEX(YardiSaleYearBuilt,MATCH(O26,YardiSaleName,0))),INDEX([1]!Output_Analysis_Data__2[Year Built],ROW()-2))} -> 1980 | Y26: {=IF($M$1="Manual",IF(AA26<>"",AA26,IF(AB26<>"",AB26,IF(AC26<>"",AC26,""))),INDEX([1]!Output_Analysis_Data__2[Sold Price],ROW()-2))} -> 13200000 | Z26: {=IF($M$1="Manual",IFERROR(INDEX(CoStarSaleDate,MATCH(O26,CoStarSaleName,0)),INDEX(YardiSaleDate,MATCH(O26,YardiSaleName,0))),INDEX([1]!Output_Analysis_Data__2[Sale Date],ROW()-2))} -> 45499 | AA26: =IFERROR(INDEX('[1]Agency Loan-Sale Comps'!$J$16:$J$37,MATCH('Comparable Grid'!AD26,'[1]Agency Loan-Sale Comps'!$A$16:$A$37,0),0),"") | AB26: =IFERROR(IF(INDEX(CoStarSalePriceTotal,MATCH(AD26,CoStarSaleCompLookup,0),0)=0,"",INDEX(CoStarSalePriceTotal,MATCH(AD26,CoStarSaleCompLookup,0),0)),"") | AC26: =IFERROR(IF(INDEX(YardiSalePriceTotal,MATCH(AD26,YardiSaleCompLookup,0),0)=0,"",INDEX(YardiSalePriceTotal,MATCH(AD26,YardiSaleCompLookup,0),0)),"") | AD26: =LEFT(Q26,FIND(" ",Q26,1)) -> 1519 | AE26: =AE25&IF($L26="x","x","") -> xxxxxx
M27: =IF($M$1="Manual",IF(Y27="","No Sale Price Disclosed!",""),"") | N27: {=IF($M$1="Manual",IF(AA27<>"","Freddie/Fannie",IF(AB27<>"","CoStar",IF(AC27<>"","Yardi","N/A"))),INDEX([1]!Output_Analysis_Data__2[Info Source],ROW()-2))} -> Yardi | O27: {=IF($M$1="Manual",'[1]Sale Comps'!BY27,INDEX([1]!Output_Analysis_Data__2[Property Name],ROW()-2))} -> Park at Ashford, The | P27: =IFERROR(Y27/U27,"") -> 180972.22 | Q27: {=IF($M$1="Manual",IFERROR(INDEX(CoStarSaleAddress,MATCH(O27,CoStarSaleName,0)),INDEX(YardiSaleAddress,MATCH(O27,YardiSaleName,0))),INDEX([1]!Output_Analysis_Data__2[Property Address],ROW()-2))} -> 3550 South Fielder Road | R27: {=IF($M$1="Manual",IFERROR(INDEX(CoStarSaleCity,MATCH(O27,CoStarSaleName,0)),INDEX(YardiSaleCity,MATCH(O27,YardiSaleName,0))),INDEX([1]!Output_Analysis_Data__2[City],ROW()-2))} -> Arlington | S27: {=IF($M$1="Manual",IFERROR(INDEX(CoStarSaleState,MATCH(O27,CoStarSaleName,0)),INDEX(YardiSaleState,MATCH(O27,YardiSaleName,0))),INDEX([1]!Output_Analysis_Data__2[State],ROW()-2))} -> TX | T27: {=IF($M$1="Manual",IFERROR(INDEX(CoStarSaleZipcodes,MATCH(O27,CoStarSaleName,0)),INDEX(YardiSaleZipcodes,MATCH(O27,YardiSaleName,0))),INDEX([1]!Output_Analysis_Data__2[ZIP],ROW()-2))} -> 76015 | U27: {=IF($M$1="Manual",IFERROR(INDEX(CoStarSaleUnits,MATCH(O27,CoStarSaleName,0)),INDEX(YardiSaleUnits,MATCH(O27,YardiSaleName,0))),INDEX([1]!Output_Analysis_Data__2[Unit Count],ROW()-2))} -> 144 | V27: {=IF($M$1="Manual","",INDEX([1]!Output_Analysis_Data__2[Distance (mi.)],ROW()-2))} -> 18.442441 | W27: {=IF($M$1="Manual",IFERROR(INDEX(CoStarSaleAvgUnitSize,MATCH(O27,CoStarSaleName,0)),INDEX(YardiSaleAvgUnitSize,MATCH(O27,YardiSaleName,0))),INDEX([1]!Output_Analysis_Data__2[Avg Unit SF],ROW()-2))} -> 882 | X27: {=IF($M$1="Manual",IFERROR(INDEX(CoStarSaleYearBuilt,MATCH(O27,CoStarSaleName,0)),INDEX(YardiSaleYearBuilt,MATCH(O27,YardiSaleName,0))),INDEX([1]!Output_Analysis_Data__2[Year Built],ROW()-2))} -> 1984 | Y27: {=IF($M$1="Manual",IF(AA27<>"",AA27,IF(AB27<>"",AB27,IF(AC27<>"",AC27,""))),INDEX([1]!Output_Analysis_Data__2[Sold Price],ROW()-2))} -> 26060000 | Z27: {=IF($M$1="Manual",IFERROR(INDEX(CoStarSaleDate,MATCH(O27,CoStarSaleName,0)),INDEX(YardiSaleDate,MATCH(O27,YardiSaleName,0))),INDEX([1]!Output_Analysis_Data__2[Sale Date],ROW()-2))} -> 45527 | AA27: =IFERROR(INDEX('[1]Agency Loan-Sale Comps'!$J$16:$J$37,MATCH('Comparable Grid'!AD27,'[1]Agency Loan-Sale Comps'!$A$16:$A$37,0),0),"") | AB27: =IFERROR(IF(INDEX(CoStarSalePriceTotal,MATCH(AD27,CoStarSaleCompLookup,0),0)=0,"",INDEX(CoStarSalePriceTotal,MATCH(AD27,CoStarSaleCompLookup,0),0)),"") | AC27: =IFERROR(IF(INDEX(YardiSalePriceTotal,MATCH(AD27,YardiSaleCompLookup,0),0)=0,"",INDEX(YardiSalePriceTotal,MATCH(AD27,YardiSaleCompLookup,0),0)),"") | AD27: =LEFT(Q27,FIND(" ",Q27,1)) -> 3550 | AE27: =AE26&IF($L27="x","x","") -> xxxxxx
C28: =IF(C27="","","Adj.") | M28: =IF($M$1="Manual",IF(Y28="","No Sale Price Disclosed!",""),"") | N28: {=IF($M$1="Manual",IF(AA28<>"","Freddie/Fannie",IF(AB28<>"","CoStar",IF(AC28<>"","Yardi","N/A"))),INDEX([1]!Output_Analysis_Data__2[Info Source],ROW()-2))} -> Yardi | O28: {=IF($M$1="Manual",'[1]Sale Comps'!BY28,INDEX([1]!Output_Analysis_Data__2[Property Name],ROW()-2))} -> Rise West Arlington | P28: =IFERROR(Y28/U28,"") -> 139409.09 | Q28: {=IF($M$1="Manual",IFERROR(INDEX(CoStarSaleAddress,MATCH(O28,CoStarSaleName,0)),INDEX(YardiSaleAddress,MATCH(O28,YardiSaleName,0))),INDEX([1]!Output_Analysis_Data__2[Property Address],ROW()-2))} -> 3601 Fielders Glen Drive | R28: {=IF($M$1="Manual",IFERROR(INDEX(CoStarSaleCity,MATCH(O28,CoStarSaleName,0)),INDEX(YardiSaleCity,MATCH(O28,YardiSaleName,0))),INDEX([1]!Output_Analysis_Data__2[City],ROW()-2))} -> Arlington | S28: {=IF($M$1="Manual",IFERROR(INDEX(CoStarSaleState,MATCH(O28,CoStarSaleName,0)),INDEX(YardiSaleState,MATCH(O28,YardiSaleName,0))),INDEX([1]!Output_Analysis_Data__2[State],ROW()-2))} -> TX | T28: {=IF($M$1="Manual",IFERROR(INDEX(CoStarSaleZipcodes,MATCH(O28,CoStarSaleName,0)),INDEX(YardiSaleZipcodes,MATCH(O28,YardiSaleName,0))),INDEX([1]!Output_Analysis_Data__2[ZIP],ROW()-2))} -> 76015 | U28: {=IF($M$1="Manual",IFERROR(INDEX(CoStarSaleUnits,MATCH(O28,CoStarSaleName,0)),INDEX(YardiSaleUnits,MATCH(O28,YardiSaleName,0))),INDEX([1]!Output_Analysis_Data__2[Unit Count],ROW()-2))} -> 220 | V28: {=IF($M$1="Manual","",INDEX([1]!Output_Analysis_Data__2[Distance (mi.)],ROW()-2))} -> 18.492916 | W28: {=IF($M$1="Manual",IFERROR(INDEX(CoStarSaleAvgUnitSize,MATCH(O28,CoStarSaleName,0)),INDEX(YardiSaleAvgUnitSize,MATCH(O28,YardiSaleName,0))),INDEX([1]!Output_Analysis_Data__2[Avg Unit SF],ROW()-2))} -> 735 | X28: {=IF($M$1="Manual",IFERROR(INDEX(CoStarSaleYearBuilt,MATCH(O28,CoStarSaleName,0)),INDEX(YardiSaleYearBuilt,MATCH(O28,YardiSaleName,0))),INDEX([1]!Output_Analysis_Data__2[Year Built],ROW()-2))} -> 1985 | Y28: {=IF($M$1="Manual",IF(AA28<>"",AA28,IF(AB28<>"",AB28,IF(AC28<>"",AC28,""))),INDEX([1]!Output_Analysis_Data__2[Sold Price],ROW()-2))} -> 30670000 | Z28: {=IF($M$1="Manual",IFERROR(INDEX(CoStarSaleDate,MATCH(O28,CoStarSaleName,0)),INDEX(YardiSaleDate,MATCH(O28,YardiSaleName,0))),INDEX([1]!Output_Analysis_Data__2[Sale Date],ROW()-2))} -> 45413 | AA28: =IFERROR(INDEX('[1]Agency Loan-Sale Comps'!$J$16:$J$37,MATCH('Comparable Grid'!AD28,'[1]Agency Loan-Sale Comps'!$A$16:$A$37,0),0),"") | AB28: =IFERROR(IF(INDEX(CoStarSalePriceTotal,MATCH(AD28,CoStarSaleCompLookup,0),0)=0,"",INDEX(CoStarSalePriceTotal,MATCH(AD28,CoStarSaleCompLookup,0),0)),"") | AC28: =IFERROR(IF(INDEX(YardiSalePriceTotal,MATCH(AD28,YardiSaleCompLookup,0),0)=0,"",INDEX(YardiSalePriceTotal,MATCH(AD28,YardiSaleCompLookup,0),0)),"") | AD28: =LEFT(Q28,FIND(" ",Q28,1)) -> 3601 | AE28: =AE27&IF($L28="x","x","") -> xxxxxx
M29: =IF($M$1="Manual",IF(Y29="","No Sale Price Disclosed!",""),"") | N29: {=IF($M$1="Manual",IF(AA29<>"","Freddie/Fannie",IF(AB29<>"","CoStar",IF(AC29<>"","Yardi","N/A"))),INDEX([1]!Output_Analysis_Data__2[Info Source],ROW()-2))} -> Freddie | O29: {=IF($M$1="Manual",'[1]Sale Comps'!BY29,INDEX([1]!Output_Analysis_Data__2[Property Name],ROW()-2))} -> Fielder Crossing | P29: =IFERROR(Y29/U29,"") -> 149635.04 | Q29: {=IF($M$1="Manual",IFERROR(INDEX(CoStarSaleAddress,MATCH(O29,CoStarSaleName,0)),INDEX(YardiSaleAddress,MATCH(O29,YardiSaleName,0))),INDEX([1]!Output_Analysis_Data__2[Property Address],ROW()-2))} -> 1727 Westview Terrace | R29: {=IF($M$1="Manual",IFERROR(INDEX(CoStarSaleCity,MATCH(O29,CoStarSaleName,0)),INDEX(YardiSaleCity,MATCH(O29,YardiSaleName,0))),INDEX([1]!Output_Analysis_Data__2[City],ROW()-2))} -> Arlington | S29: {=IF($M$1="Manual",IFERROR(INDEX(CoStarSaleState,MATCH(O29,CoStarSaleName,0)),INDEX(YardiSaleState,MATCH(O29,YardiSaleName,0))),INDEX([1]!Output_Analysis_Data__2[State],ROW()-2))} -> TX | T29: {=IF($M$1="Manual",IFERROR(INDEX(CoStarSaleZipcodes,MATCH(O29,CoStarSaleName,0)),INDEX(YardiSaleZipcodes,MATCH(O29,YardiSaleName,0))),INDEX([1]!Output_Analysis_Data__2[ZIP],ROW()-2))} -> 76013 | U29: {=IF($M$1="Manual",IFERROR(INDEX(CoStarSaleUnits,MATCH(O29,CoStarSaleName,0)),INDEX(YardiSaleUnits,MATCH(O29,YardiSaleName,0))),INDEX([1]!Output_Analysis_Data__2[Unit Count],ROW()-2))} -> 137 | V29: {=IF($M$1="Manual","",INDEX([1]!Output_Analysis_Data__2[Distance (mi.)],ROW()-2))} -> 18.544403 | W29: {=IF($M$1="Manual",IFERROR(INDEX(CoStarSaleAvgUnitSize,MATCH(O29,CoStarSaleName,0)),INDEX(YardiSaleAvgUnitSize,MATCH(O29,YardiSaleName,0))),INDEX([1]!Output_Analysis_Data__2[Avg Unit SF],ROW()-2))} -> 889 | X29: {=IF($M$1="Manual",IFERROR(INDEX(CoStarSaleYearBuilt,MATCH(O29,CoStarSaleName,0)),INDEX(YardiSaleYearBuilt,MATCH(O29,YardiSaleName,0))),INDEX([1]!Output_Analysis_Data__2[Year Built],ROW()-2))} -> 1981 | Y29: {=IF($M$1="Manual",IF(AA29<>"",AA29,IF(AB29<>"",AB29,IF(AC29<>"",AC29,""))),INDEX([1]!Output_Analysis_Data__2[Sold Price],ROW()-2))} -> 20500000 | Z29: {=IF($M$1="Manual",IFERROR(INDEX(CoStarSaleDate,MATCH(O29,CoStarSaleName,0)),INDEX(YardiSaleDate,MATCH(O29,YardiSaleName,0))),INDEX([1]!Output_Analysis_Data__2[Sale Date],ROW()-2))} -> 45442 | AA29: =IFERROR(INDEX('[1]Agency Loan-Sale Comps'!$J$16:$J$37,MATCH('Comparable Grid'!AD29,'[1]Agency Loan-Sale Comps'!$A$16:$A$37,0),0),"") | AB29: =IFERROR(IF(INDEX(CoStarSalePriceTotal,MATCH(AD29,CoStarSaleCompLookup,0),0)=0,"",INDEX(CoStarSalePriceTotal,MATCH(AD29,CoStarSaleCompLookup,0),0)),"") | AC29: =IFERROR(IF(INDEX(YardiSalePriceTotal,MATCH(AD29,YardiSaleCompLookup,0),0)=0,"",INDEX(YardiSalePriceTotal,MATCH(AD29,YardiSaleCompLookup,0),0)),"") | AD29: =LEFT(Q29,FIND(" ",Q29,1)) -> 1727 | AE29: =AE28&IF($L29="x","x","") -> xxxxxx
C30: Total Adjustments (%) | E30: =IFERROR(E28+E26+E24+E22,"") | F30: =IFERROR(F28+F26+F24+F22,"") -> 0.0073170732 | G30: =IFERROR(G28+G26+G24+G22,"") -> -0.02847561 | H30: =IFERROR(H28+H26+H24+H22,"") -> -0.11890244 | I30: =IFERROR(I28+I26+I24+I22,"") -> 0.045609756 | M30: =IF($M$1="Manual",IF(Y30="","No Sale Price Disclosed!",""),"") | N30: {=IF($M$1="Manual",IF(AA30<>"","Freddie/Fannie",IF(AB30<>"","CoStar",IF(AC30<>"","Yardi","N/A"))),INDEX([1]!Output_Analysis_Data__2[Info Source],ROW()-2))} -> Fannie | O30: {=IF($M$1="Manual",'[1]Sale Comps'!BY30,INDEX([1]!Output_Analysis_Data__2[Property Name],ROW()-2))} -> Brownstone, The | P30: =IFERROR(Y30/U30,"") -> 141428.57 | Q30: {=IF($M$1="Manual",IFERROR(INDEX(CoStarSaleAddress,MATCH(O30,CoStarSaleName,0)),INDEX(YardiSaleAddress,MATCH(O30,YardiSaleName,0))),INDEX([1]!Output_Analysis_Data__2[Property Address],ROW()-2))} -> 400 Pecan Bend Drive | R30: {=IF($M$1="Manual",IFERROR(INDEX(CoStarSaleCity,MATCH(O30,CoStarSaleName,0)),INDEX(YardiSaleCity,MATCH(O30,YardiSaleName,0))),INDEX([1]!Output_Analysis_Data__2[City],ROW()-2))} -> Bedford | S30: {=IF($M$1="Manual",IFERROR(INDEX(CoStarSaleState,MATCH(O30,CoStarSaleName,0)),INDEX(YardiSaleState,MATCH(O30,YardiSaleName,0))),INDEX([1]!Output_Analysis_Data__2[State],ROW()-2))} -> TX | T30: {=IF($M$1="Manual",IFERROR(INDEX(CoStarSaleZipcodes,MATCH(O30,CoStarSaleName,0)),INDEX(YardiSaleZipcodes,MATCH(O30,YardiSaleName,0))),INDEX([1]!Output_Analysis_Data__2[ZIP],ROW()-2))} -> 76022 | U30: {=IF($M$1="Manual",IFERROR(INDEX(CoStarSaleUnits,MATCH(O30,CoStarSaleName,0)),INDEX(YardiSaleUnits,MATCH(O30,YardiSaleName,0))),INDEX([1]!Output_Analysis_Data__2[Unit Count],ROW()-2))} -> 140 | V30: {=IF($M$1="Manual","",INDEX([1]!Output_Analysis_Data__2[Distance (mi.)],ROW()-2))} -> 18.879638 | W30: {=IF($M$1="Manual",IFERROR(INDEX(CoStarSaleAvgUnitSize,MATCH(O30,CoStarSaleName,0)),INDEX(YardiSaleAvgUnitSize,MATCH(O30,YardiSaleName,0))),INDEX([1]!Output_Analysis_Data__2[Avg Unit SF],ROW()-2))} -> 1000 | X30: {=IF($M$1="Manual",IFERROR(INDEX(CoStarSaleYearBuilt,MATCH(O30,CoStarSaleName,0)),INDEX(YardiSaleYearBuilt,MATCH(O30,YardiSaleName,0))),INDEX([1]!Output_Analysis_Data__2[Year Built],ROW()-2))} -> 1985 | Y30: {=IF($M$1="Manual",IF(AA30<>"",AA30,IF(AB30<>"",AB30,IF(AC30<>"",AC30,""))),INDEX([1]!Output_Analysis_Data__2[Sold Price],ROW()-2))} -> 19800000 | Z30: {=IF($M$1="Manual",IFERROR(INDEX(CoStarSaleDate,MATCH(O30,CoStarSaleName,0)),INDEX(YardiSaleDate,MATCH(O30,YardiSaleName,0))),INDEX([1]!Output_Analysis_Data__2[Sale Date],ROW()-2))} -> 45343 | AA30: =IFERROR(INDEX('[1]Agency Loan-Sale Comps'!$J$16:$J$37,MATCH('Comparable Grid'!AD30,'[1]Agency Loan-Sale Comps'!$A$16:$A$37,0),0),"") | AB30: =IFERROR(IF(INDEX(CoStarSalePriceTotal,MATCH(AD30,CoStarSaleCompLookup,0),0)=0,"",INDEX(CoStarSalePriceTotal,MATCH(AD30,CoStarSaleCompLookup,0),0)),"") | AC30: =IFERROR(IF(INDEX(YardiSalePriceTotal,MATCH(AD30,YardiSaleCompLookup,0),0)=0,"",INDEX(YardiSalePriceTotal,MATCH(AD30,YardiSaleCompLookup,0),0)),"") | AD30: =LEFT(Q30,FIND(" ",Q30,1)) -> 400 | AE30: =AE29&IF($L30="x","x","") -> xxxxxx
C31: Adj./Unit ($/Unit * Adj %) | E31: =IFERROR(E30*E18,"") | F31: =IFERROR(F30*F18,"") -> 742.0583 | G31: =IFERROR(G30*G18,"") -> -3010.7025 | H31: =IFERROR(H30*H18,"") -> -10939.024 | I31: =IFERROR(I30*I18,"") -> 4966.3957 | M31: =IF($M$1="Manual",IF(Y31="","No Sale Price Disclosed!",""),"") | N31: {=IF($M$1="Manual",IF(AA31<>"","Freddie/Fannie",IF(AB31<>"","CoStar",IF(AC31<>"","Yardi","N/A"))),INDEX([1]!Output_Analysis_Data__2[Info Source],ROW()-2))} -> Yardi | O31: {=IF($M$1="Manual",'[1]Sale Comps'!BY31,INDEX([1]!Output_Analysis_Data__2[Property Name],ROW()-2))} -> Ten Twelve West | P31: =IFERROR(Y31/U31,"") -> 112727.27 | Q31: {=IF($M$1="Manual",IFERROR(INDEX(CoStarSaleAddress,MATCH(O31,CoStarSaleName,0)),INDEX(YardiSaleAddress,MATCH(O31,YardiSaleName,0))),INDEX([1]!Output_Analysis_Data__2[Property Address],ROW()-2))} -> 1012 West Pioneer Pkwy | R31: {=IF($M$1="Manual",IFERROR(INDEX(CoStarSaleCity,MATCH(O31,CoStarSaleName,0)),INDEX(YardiSaleCity,MATCH(O31,YardiSaleName,0))),INDEX([1]!Output_Analysis_Data__2[City],ROW()-2))} -> Arlington | S31: {=IF($M$1="Manual",IFERROR(INDEX(CoStarSaleState,MATCH(O31,CoStarSaleName,0)),INDEX(YardiSaleState,MATCH(O31,YardiSaleName,0))),INDEX([1]!Output_Analysis_Data__2[State],ROW()-2))} -> TX | T31: {=IF($M$1="Manual",IFERROR(INDEX(CoStarSaleZipcodes,MATCH(O31,CoStarSaleName,0)),INDEX(YardiSaleZipcodes,MATCH(O31,YardiSaleName,0))),INDEX([1]!Output_Analysis_Data__2[ZIP],ROW()-2))} -> 76013 | U31: {=IF($M$1="Manual",IFERROR(INDEX(CoStarSaleUnits,MATCH(O31,CoStarSaleName,0)),INDEX(YardiSaleUnits,MATCH(O31,YardiSaleName,0))),INDEX([1]!Output_Analysis_Data__2[Unit Count],ROW()-2))} -> 143 | V31: {=IF($M$1="Manual","",INDEX([1]!Output_Analysis_Data__2[Distance (mi.)],ROW()-2))} -> 19.302777 | W31: {=IF($M$1="Manual",IFERROR(INDEX(CoStarSaleAvgUnitSize,MATCH(O31,CoStarSaleName,0)),INDEX(YardiSaleAvgUnitSize,MATCH(O31,YardiSaleName,0))),INDEX([1]!Output_Analysis_Data__2[Avg Unit SF],ROW()-2))} -> 813 | X31: {=IF($M$1="Manual",IFERROR(INDEX(CoStarSaleYearBuilt,MATCH(O31,CoStarSaleName,0)),INDEX(YardiSaleYearBuilt,MATCH(O31,YardiSaleName,0))),INDEX([1]!Output_Analysis_Data__2[Year Built],ROW()-2))} -> 1969 | Y31: {=IF($M$1="Manual",IF(AA31<>"",AA31,IF(AB31<>"",AB31,IF(AC31<>"",AC31,""))),INDEX([1]!Output_Analysis_Data__2[Sold Price],ROW()-2))} -> 16120000 | Z31: {=IF($M$1="Manual",IFERROR(INDEX(CoStarSaleDate,MATCH(O31,CoStarSaleName,0)),INDEX(YardiSaleDate,MATCH(O31,YardiSaleName,0))),INDEX([1]!Output_Analysis_Data__2[Sale Date],ROW()-2))} -> 45576 | AA31: =IFERROR(INDEX('[1]Agency Loan-Sale Comps'!$J$16:$J$37,MATCH('Comparable Grid'!AD31,'[1]Agency Loan-Sale Comps'!$A$16:$A$37,0),0),"") | AB31: =IFERROR(IF(INDEX(CoStarSalePriceTotal,MATCH(AD31,CoStarSaleCompLookup,0),0)=0,"",INDEX(CoStarSalePriceTotal,MATCH(AD31,CoStarSaleCompLookup,0),0)),"") | AC31: =IFERROR(IF(INDEX(YardiSalePriceTotal,MATCH(AD31,YardiSaleCompLookup,0),0)=0,"",INDEX(YardiSalePriceTotal,MATCH(AD31,YardiSaleCompLookup,0),0)),"") | AD31: =LEFT(Q31,FIND(" ",Q31,1)) -> 1012 | AE31: =AE30&IF($L31="x","x","") -> xxxxxx
C32: Adjusted Sale Price/Unit | E32: =IFERROR(E18+E31,"") | F32: =IFERROR(F18+F31,"") -> 102156.69 | G32: =IFERROR(G18+G31,"") -> 102718.46 | H32: =IFERROR(H18+H31,"") -> 81060.976 | I32: =IFERROR(I18+I31,"") -> 113855.28 | M32: =IF($M$1="Manual",IF(Y32="","No Sale Price Disclosed!",""),"") | N32: {=IF($M$1="Manual",IF(AA32<>"","Freddie/Fannie",IF(AB32<>"","CoStar",IF(AC32<>"","Yardi","N/A"))),INDEX([1]!Output_Analysis_Data__2[Info Source],ROW()-2))} -> Yardi | O32: {=IF($M$1="Manual",'[1]Sale Comps'!BY32,INDEX([1]!Output_Analysis_Data__2[Property Name],ROW()-2))} -> Woodwind | P32: =IFERROR(Y32/U32,"") -> 71428.571 | Q32: {=IF($M$1="Manual",IFERROR(INDEX(CoStarSaleAddress,MATCH(O32,CoStarSaleName,0)),INDEX(YardiSaleAddress,MATCH(O32,YardiSaleName,0))),INDEX([1]!Output_Analysis_Data__2[Property Address],ROW()-2))} -> 1605 South Cooper Street | R32: {=IF($M$1="Manual",IFERROR(INDEX(CoStarSaleCity,MATCH(O32,CoStarSaleName,0)),INDEX(YardiSaleCity,MATCH(O32,YardiSaleName,0))),INDEX([1]!Output_Analysis_Data__2[City],ROW()-2))} -> Arlington | S32: {=IF($M$1="Manual",IFERROR(INDEX(CoStarSaleState,MATCH(O32,CoStarSaleName,0)),INDEX(YardiSaleState,MATCH(O32,YardiSaleName,0))),INDEX([1]!Output_Analysis_Data__2[State],ROW()-2))} -> TX | T32: {=IF($M$1="Manual",IFERROR(INDEX(CoStarSaleZipcodes,MATCH(O32,CoStarSaleName,0)),INDEX(YardiSaleZipcodes,MATCH(O32,YardiSaleName,0))),INDEX([1]!Output_Analysis_Data__2[ZIP],ROW()-2))} -> 76010 | U32: {=IF($M$1="Manual",IFERROR(INDEX(CoStarSaleUnits,MATCH(O32,CoStarSaleName,0)),INDEX(YardiSaleUnits,MATCH(O32,YardiSaleName,0))),INDEX([1]!Output_Analysis_Data__2[Unit Count],ROW()-2))} -> 126 | V32: {=IF($M$1="Manual","",INDEX([1]!Output_Analysis_Data__2[Distance (mi.)],ROW()-2))} -> 19.723244 | W32: {=IF($M$1="Manual",IFERROR(INDEX(CoStarSaleAvgUnitSize,MATCH(O32,CoStarSaleName,0)),INDEX(YardiSaleAvgUnitSize,MATCH(O32,YardiSaleName,0))),INDEX([1]!Output_Analysis_Data__2[Avg Unit SF],ROW()-2))} -> 691 | X32: {=IF($M$1="Manual",IFERROR(INDEX(CoStarSaleYearBuilt,MATCH(O32,CoStarSaleName,0)),INDEX(YardiSaleYearBuilt,MATCH(O32,YardiSaleName,0))),INDEX([1]!Output_Analysis_Data__2[Year Built],ROW()-2))} -> 1969 | Y32: {=IF($M$1="Manual",IF(AA32<>"",AA32,IF(AB32<>"",AB32,IF(AC32<>"",AC32,""))),INDEX([1]!Output_Analysis_Data__2[Sold Price],ROW()-2))} -> 9000000 | Z32: {=IF($M$1="Manual",IFERROR(INDEX(CoStarSaleDate,MATCH(O32,CoStarSaleName,0)),INDEX(YardiSaleDate,MATCH(O32,YardiSaleName,0))),INDEX([1]!Output_Analysis_Data__2[Sale Date],ROW()-2))} -> 45288 | AA32: =IFERROR(INDEX('[1]Agency Loan-Sale Comps'!$J$16:$J$37,MATCH('Comparable Grid'!AD32,'[1]Agency Loan-Sale Comps'!$A$16:$A$37,0),0),"") | AB32: =IFERROR(IF(INDEX(CoStarSalePriceTotal,MATCH(AD32,CoStarSaleCompLookup,0),0)=0,"",INDEX(CoStarSalePriceTotal,MATCH(AD32,CoStarSaleCompLookup,0),0)),"") | AC32: =IFERROR(IF(INDEX(YardiSalePriceTotal,MATCH(AD32,YardiSaleCompLookup,0),0)=0,"",INDEX(YardiSalePriceTotal,MATCH(AD32,YardiSaleCompLookup,0),0)),"") | AD32: =LEFT(Q32,FIND(" ",Q32,1)) -> 1605 | AE32: =AE31&IF($L32="x","x","") -> xxxxxx
M33: =IF($M$1="Manual",IF(Y33="","No Sale Price Disclosed!",""),"") | N33: {=IF($M$1="Manual",IF(AA33<>"","Freddie/Fannie",IF(AB33<>"","CoStar",IF(AC33<>"","Yardi","N/A"))),INDEX([1]!Output_Analysis_Data__2[Info Source],ROW()-2))} -> Fannie | O33: {=IF($M$1="Manual",'[1]Sale Comps'!BY33,INDEX([1]!Output_Analysis_Data__2[Property Name],ROW()-2))} -> L’Abri | P33: =IFERROR(Y33/U33,"") -> 91666.667 | Q33: {=IF($M$1="Manual",IFERROR(INDEX(CoStarSaleAddress,MATCH(O33,CoStarSaleName,0)),INDEX(YardiSaleAddress,MATCH(O33,YardiSaleName,0))),INDEX([1]!Output_Analysis_Data__2[Property Address],ROW()-2))} -> 200 West Pioneer Pkwy | R33: {=IF($M$1="Manual",IFERROR(INDEX(CoStarSaleCity,MATCH(O33,CoStarSaleName,0)),INDEX(YardiSaleCity,MATCH(O33,YardiSaleName,0))),INDEX([1]!Output_Analysis_Data__2[City],ROW()-2))} -> Arlington | S33: {=IF($M$1="Manual",IFERROR(INDEX(CoStarSaleState,MATCH(O33,CoStarSaleName,0)),INDEX(YardiSaleState,MATCH(O33,YardiSaleName,0))),INDEX([1]!Output_Analysis_Data__2[State],ROW()-2))} -> TX | T33: {=IF($M$1="Manual",IFERROR(INDEX(CoStarSaleZipcodes,MATCH(O33,CoStarSaleName,0)),INDEX(YardiSaleZipcodes,MATCH(O33,YardiSaleName,0))),INDEX([1]!Output_Analysis_Data__2[ZIP],ROW()-2))} -> 76010 | U33: {=IF($M$1="Manual",IFERROR(INDEX(CoStarSaleUnits,MATCH(O33,CoStarSaleName,0)),INDEX(YardiSaleUnits,MATCH(O33,YardiSaleName,0))),INDEX([1]!Output_Analysis_Data__2[Unit Count],ROW()-2))} -> 90 | V33: {=IF($M$1="Manual","",INDEX([1]!Output_Analysis_Data__2[Distance (mi.)],ROW()-2))} -> 19.855375 | W33: {=IF($M$1="Manual",IFERROR(INDEX(CoStarSaleAvgUnitSize,MATCH(O33,CoStarSaleName,0)),INDEX(YardiSaleAvgUnitSize,MATCH(O33,YardiSaleName,0))),INDEX([1]!Output_Analysis_Data__2[Avg Unit SF],ROW()-2))} -> 778 | X33: {=IF($M$1="Manual",IFERROR(INDEX(CoStarSaleYearBuilt,MATCH(O33,CoStarSaleName,0)),INDEX(YardiSaleYearBuilt,MATCH(O33,YardiSaleName,0))),INDEX([1]!Output_Analysis_Data__2[Year Built],ROW()-2))} -> 1973 | Y33: {=IF($M$1="Manual",IF(AA33<>"",AA33,IF(AB33<>"",AB33,IF(AC33<>"",AC33,""))),INDEX([1]!Output_Analysis_Data__2[Sold Price],ROW()-2))} -> 8250000 | Z33: {=IF($M$1="Manual",IFERROR(INDEX(CoStarSaleDate,MATCH(O33,CoStarSaleName,0)),INDEX(YardiSaleDate,MATCH(O33,YardiSaleName,0))),INDEX([1]!Output_Analysis_Data__2[Sale Date],ROW()-2))} -> 45533 | AA33: =IFERROR(INDEX('[1]Agency Loan-Sale Comps'!$J$16:$J$37,MATCH('Comparable Grid'!AD33,'[1]Agency Loan-Sale Comps'!$A$16:$A$37,0),0),"") | AB33: =IFERROR(IF(INDEX(CoStarSalePriceTotal,MATCH(AD33,CoStarSaleCompLookup,0),0)=0,"",INDEX(CoStarSalePriceTotal,MATCH(AD33,CoStarSaleCompLookup,0),0)),"") | AC33: =IFERROR(IF(INDEX(YardiSalePriceTotal,MATCH(AD33,YardiSaleCompLookup,0),0)=0,"",INDEX(YardiSalePriceTotal,MATCH(AD33,YardiSaleCompLookup,0),0)),"") | AD33: =LEFT(Q33,FIND(" ",Q33,1)) -> 200 | AE33: =AE32&IF($L33="x","x","") -> xxxxxx
C34: Subject Indicated Value/Unit | D34: =AVERAGE(E32:I32) -> 99947.854 | M34: =IF($M$1="Manual",IF(Y34="","No Sale Price Disclosed!",""),"") | N34: {=IF($M$1="Manual",IF(AA34<>"","Freddie/Fannie",IF(AB34<>"","CoStar",IF(AC34<>"","Yardi","N/A"))),INDEX([1]!Output_Analysis_Data__2[Info Source],ROW()-2))} -> Fannie | O34: {=IF($M$1="Manual",'[1]Sale Comps'!BY34,INDEX([1]!Output_Analysis_Data__2[Property Name],ROW()-2))} -> Villa Bella | P34: =IFERROR(Y34/U34,"") -> 128000 | Q34: {=IF($M$1="Manual",IFERROR(INDEX(CoStarSaleAddress,MATCH(O34,CoStarSaleName,0)),INDEX(YardiSaleAddress,MATCH(O34,YardiSaleName,0))),INDEX([1]!Output_Analysis_Data__2[Property Address],ROW()-2))} -> 1304 Raider Drive | R34: {=IF($M$1="Manual",IFERROR(INDEX(CoStarSaleCity,MATCH(O34,CoStarSaleName,0)),INDEX(YardiSaleCity,MATCH(O34,YardiSaleName,0))),INDEX([1]!Output_Analysis_Data__2[City],ROW()-2))} -> Euless | S34: {=IF($M$1="Manual",IFERROR(INDEX(CoStarSaleState,MATCH(O34,CoStarSaleName,0)),INDEX(YardiSaleState,MATCH(O34,YardiSaleName,0))),INDEX([1]!Output_Analysis_Data__2[State],ROW()-2))} -> TX | T34: {=IF($M$1="Manual",IFERROR(INDEX(CoStarSaleZipcodes,MATCH(O34,CoStarSaleName,0)),INDEX(YardiSaleZipcodes,MATCH(O34,YardiSaleName,0))),INDEX([1]!Output_Analysis_Data__2[ZIP],ROW()-2))} -> 76040 | U34: {=IF($M$1="Manual",IFERROR(INDEX(CoStarSaleUnits,MATCH(O34,CoStarSaleName,0)),INDEX(YardiSaleUnits,MATCH(O34,YardiSaleName,0))),INDEX([1]!Output_Analysis_Data__2[Unit Count],ROW()-2))} -> 150 | V34: {=IF($M$1="Manual","",INDEX([1]!Output_Analysis_Data__2[Distance (mi.)],ROW()-2))} -> 20.020551 | W34: {=IF($M$1="Manual",IFERROR(INDEX(CoStarSaleAvgUnitSize,MATCH(O34,CoStarSaleName,0)),INDEX(YardiSaleAvgUnitSize,MATCH(O34,YardiSaleName,0))),INDEX([1]!Output_Analysis_Data__2[Avg Unit SF],ROW()-2))} -> 857 | X34: {=IF($M$1="Manual",IFERROR(INDEX(CoStarSaleYearBuilt,MATCH(O34,CoStarSaleName,0)),INDEX(YardiSaleYearBuilt,MATCH(O34,YardiSaleName,0))),INDEX([1]!Output_Analysis_Data__2[Year Built],ROW()-2))} -> 1971 | Y34: {=IF($M$1="Manual",IF(AA34<>"",AA34,IF(AB34<>"",AB34,IF(AC34<>"",AC34,""))),INDEX([1]!Output_Analysis_Data__2[Sold Price],ROW()-2))} -> 19200000 | Z34: {=IF($M$1="Manual",IFERROR(INDEX(CoStarSaleDate,MATCH(O34,CoStarSaleName,0)),INDEX(YardiSaleDate,MATCH(O34,YardiSaleName,0))),INDEX([1]!Output_Analysis_Data__2[Sale Date],ROW()-2))} -> 45847 | AA34: =IFERROR(INDEX('[1]Agency Loan-Sale Comps'!$J$16:$J$37,MATCH('Comparable Grid'!AD34,'[1]Agency Loan-Sale Comps'!$A$16:$A$37,0),0),"") | AB34: =IFERROR(IF(INDEX(CoStarSalePriceTotal,MATCH(AD34,CoStarSaleCompLookup,0),0)=0,"",INDEX(CoStarSalePriceTotal,MATCH(AD34,CoStarSaleCompLookup,0),0)),"") | AC34: =IFERROR(IF(INDEX(YardiSalePriceTotal,MATCH(AD34,YardiSaleCompLookup,0),0)=0,"",INDEX(YardiSalePriceTotal,MATCH(AD34,YardiSaleCompLookup,0),0)),"") | AD34: =LEFT(Q34,FIND(" ",Q34,1)) -> 1304 | AE34: =AE33&IF($L34="x","x","") -> xxxxxx
C35: Subject Indicated Total Value | D35: =D34*D17 -> 3997914.2 | M35: =IF($M$1="Manual",IF(Y35="","No Sale Price Disclosed!",""),"") | N35: {=IF($M$1="Manual",IF(AA35<>"","Freddie/Fannie",IF(AB35<>"","CoStar",IF(AC35<>"","Yardi","N/A"))),INDEX([1]!Output_Analysis_Data__2[Info Source],ROW()-2))} -> CoStar | O35: {=IF($M$1="Manual",'[1]Sale Comps'!BY35,INDEX([1]!Output_Analysis_Data__2[Property Name],ROW()-2))} -> Avanti on Central & Pipeline | P35: =IFERROR(Y35/U35,"") -> 98717.949 | Q35: {=IF($M$1="Manual",IFERROR(INDEX(CoStarSaleAddress,MATCH(O35,CoStarSaleName,0)),INDEX(YardiSaleAddress,MATCH(O35,YardiSaleName,0))),INDEX([1]!Output_Analysis_Data__2[Property Address],ROW()-2))} -> 805 Central Dr | R35: {=IF($M$1="Manual",IFERROR(INDEX(CoStarSaleCity,MATCH(O35,CoStarSaleName,0)),INDEX(YardiSaleCity,MATCH(O35,YardiSaleName,0))),INDEX([1]!Output_Analysis_Data__2[City],ROW()-2))} -> Bedford | S35: {=IF($M$1="Manual",IFERROR(INDEX(CoStarSaleState,MATCH(O35,CoStarSaleName,0)),INDEX(YardiSaleState,MATCH(O35,YardiSaleName,0))),INDEX([1]!Output_Analysis_Data__2[State],ROW()-2))} -> TX | T35: {=IF($M$1="Manual",IFERROR(INDEX(CoStarSaleZipcodes,MATCH(O35,CoStarSaleName,0)),INDEX(YardiSaleZipcodes,MATCH(O35,YardiSaleName,0))),INDEX([1]!Output_Analysis_Data__2[ZIP],ROW()-2))} -> 76022 | U35: {=IF($M$1="Manual",IFERROR(INDEX(CoStarSaleUnits,MATCH(O35,CoStarSaleName,0)),INDEX(YardiSaleUnits,MATCH(O35,YardiSaleName,0))),INDEX([1]!Output_Analysis_Data__2[Unit Count],ROW()-2))} -> 195 | V35: {=IF($M$1="Manual","",INDEX([1]!Output_Analysis_Data__2[Distance (mi.)],ROW()-2))} -> 20.168847 | W35: {=IF($M$1="Manual",IFERROR(INDEX(CoStarSaleAvgUnitSize,MATCH(O35,CoStarSaleName,0)),INDEX(YardiSaleAvgUnitSize,MATCH(O35,YardiSaleName,0))),INDEX([1]!Output_Analysis_Data__2[Avg Unit SF],ROW()-2))} -> 916 | X35: {=IF($M$1="Manual",IFERROR(INDEX(CoStarSaleYearBuilt,MATCH(O35,CoStarSaleName,0)),INDEX(YardiSaleYearBuilt,MATCH(O35,YardiSaleName,0))),INDEX([1]!Output_Analysis_Data__2[Year Built],ROW()-2))} -> 1969 | Y35: {=IF($M$1="Manual",IF(AA35<>"",AA35,IF(AB35<>"",AB35,IF(AC35<>"",AC35,""))),INDEX([1]!Output_Analysis_Data__2[Sold Price],ROW()-2))} -> 19250000 | Z35: {=IF($M$1="Manual",IFERROR(INDEX(CoStarSaleDate,MATCH(O35,CoStarSaleName,0)),INDEX(YardiSaleDate,MATCH(O35,YardiSaleName,0))),INDEX([1]!Output_Analysis_Data__2[Sale Date],ROW()-2))} -> 45352 | AA35: =IFERROR(INDEX('[1]Agency Loan-Sale Comps'!$J$16:$J$37,MATCH('Comparable Grid'!AD35,'[1]Agency Loan-Sale Comps'!$A$16:$A$37,0),0),"") | AB35: =IFERROR(IF(INDEX(CoStarSalePriceTotal,MATCH(AD35,CoStarSaleCompLookup,0),0)=0,"",INDEX(CoStarSalePriceTotal,MATCH(AD35,CoStarSaleCompLookup,0),0)),"") | AC35: =IFERROR(IF(INDEX(YardiSalePriceTotal,MATCH(AD35,YardiSaleCompLookup,0),0)=0,"",INDEX(YardiSalePriceTotal,MATCH(AD35,YardiSaleCompLookup,0),0)),"") | AD35: =LEFT(Q35,FIND(" ",Q35,1)) -> 805 | AE35: =AE34&IF($L35="x","x","") -> xxxxxx
M36: =IF($M$1="Manual",IF(Y36="","No Sale Price Disclosed!",""),"") | N36: {=IF($M$1="Manual",IF(AA36<>"","Freddie/Fannie",IF(AB36<>"","CoStar",IF(AC36<>"","Yardi","N/A"))),INDEX([1]!Output_Analysis_Data__2[Info Source],ROW()-2))} -> Yardi | O36: {=IF($M$1="Manual",'[1]Sale Comps'!BY36,INDEX([1]!Output_Analysis_Data__2[Property Name],ROW()-2))} -> Bella Vida | P36: =IFERROR(Y36/U36,"") -> 39642.857 | Q36: {=IF($M$1="Manual",IFERROR(INDEX(CoStarSaleAddress,MATCH(O36,CoStarSaleName,0)),INDEX(YardiSaleAddress,MATCH(O36,YardiSaleName,0))),INDEX([1]!Output_Analysis_Data__2[Property Address],ROW()-2))} -> 927 Terrell Circle | R36: {=IF($M$1="Manual",IFERROR(INDEX(CoStarSaleCity,MATCH(O36,CoStarSaleName,0)),INDEX(YardiSaleCity,MATCH(O36,YardiSaleName,0))),INDEX([1]!Output_Analysis_Data__2[City],ROW()-2))} -> Arlington | S36: {=IF($M$1="Manual",IFERROR(INDEX(CoStarSaleState,MATCH(O36,CoStarSaleName,0)),INDEX(YardiSaleState,MATCH(O36,YardiSaleName,0))),INDEX([1]!Output_Analysis_Data__2[State],ROW()-2))} -> TX | T36: {=IF($M$1="Manual",IFERROR(INDEX(CoStarSaleZipcodes,MATCH(O36,CoStarSaleName,0)),INDEX(YardiSaleZipcodes,MATCH(O36,YardiSaleName,0))),INDEX([1]!Output_Analysis_Data__2[ZIP],ROW()-2))} -> 76011 | U36: {=IF($M$1="Manual",IFERROR(INDEX(CoStarSaleUnits,MATCH(O36,CoStarSaleName,0)),INDEX(YardiSaleUnits,MATCH(O36,YardiSaleName,0))),INDEX([1]!Output_Analysis_Data__2[Unit Count],ROW()-2))} -> 84 | V36: {=IF($M$1="Manual","",INDEX([1]!Output_Analysis_Data__2[Distance (mi.)],ROW()-2))} -> 20.192095 | W36: {=IF($M$1="Manual",IFERROR(INDEX(CoStarSaleAvgUnitSize,MATCH(O36,CoStarSaleName,0)),INDEX(YardiSaleAvgUnitSize,MATCH(O36,YardiSaleName,0))),INDEX([1]!Output_Analysis_Data__2[Avg Unit SF],ROW()-2))} -> 675 | X36: {=IF($M$1="Manual",IFERROR(INDEX(CoStarSaleYearBuilt,MATCH(O36,CoStarSaleName,0)),INDEX(YardiSaleYearBuilt,MATCH(O36,YardiSaleName,0))),INDEX([1]!Output_Analysis_Data__2[Year Built],ROW()-2))} -> 1985 | Y36: {=IF($M$1="Manual",IF(AA36<>"",AA36,IF(AB36<>"",AB36,IF(AC36<>"",AC36,""))),INDEX([1]!Output_Analysis_Data__2[Sold Price],ROW()-2))} -> 3330000 | Z36: {=IF($M$1="Manual",IFERROR(INDEX(CoStarSaleDate,MATCH(O36,CoStarSaleName,0)),INDEX(YardiSaleDate,MATCH(O36,YardiSaleName,0))),INDEX([1]!Output_Analysis_Data__2[Sale Date],ROW()-2))} -> 45784 | AA36: =IFERROR(INDEX('[1]Agency Loan-Sale Comps'!$J$16:$J$37,MATCH('Comparable Grid'!AD36,'[1]Agency Loan-Sale Comps'!$A$16:$A$37,0),0),"") | AB36: =IFERROR(IF(INDEX(CoStarSalePriceTotal,MATCH(AD36,CoStarSaleCompLookup,0),0)=0,"",INDEX(CoStarSalePriceTotal,MATCH(AD36,CoStarSaleCompLookup,0),0)),"") | AC36: =IFERROR(IF(INDEX(YardiSalePriceTotal,MATCH(AD36,YardiSaleCompLookup,0),0)=0,"",INDEX(YardiSalePriceTotal,MATCH(AD36,YardiSaleCompLookup,0),0)),"") | AD36: =LEFT(Q36,FIND(" ",Q36,1)) -> 927 | AE36: =AE35&IF($L36="x","x","") -> xxxxxx
M37: =IF($M$1="Manual",IF(Y37="","No Sale Price Disclosed!",""),"") | N37: {=IF($M$1="Manual",IF(AA37<>"","Freddie/Fannie",IF(AB37<>"","CoStar",IF(AC37<>"","Yardi","N/A"))),INDEX([1]!Output_Analysis_Data__2[Info Source],ROW()-2))} -> Yardi | O37: {=IF($M$1="Manual",'[1]Sale Comps'!BY37,INDEX([1]!Output_Analysis_Data__2[Property Name],ROW()-2))} -> Biltmore, The | P37: =IFERROR(Y37/U37,"") -> 93387.097 | Q37: {=IF($M$1="Manual",IFERROR(INDEX(CoStarSaleAddress,MATCH(O37,CoStarSaleName,0)),INDEX(YardiSaleAddress,MATCH(O37,YardiSaleName,0))),INDEX([1]!Output_Analysis_Data__2[Property Address],ROW()-2))} -> 2300 Misty Ridge Circle | R37: {=IF($M$1="Manual",IFERROR(INDEX(CoStarSaleCity,MATCH(O37,CoStarSaleName,0)),INDEX(YardiSaleCity,MATCH(O37,YardiSaleName,0))),INDEX([1]!Output_Analysis_Data__2[City],ROW()-2))} -> Arlington | S37: {=IF($M$1="Manual",IFERROR(INDEX(CoStarSaleState,MATCH(O37,CoStarSaleName,0)),INDEX(YardiSaleState,MATCH(O37,YardiSaleName,0))),INDEX([1]!Output_Analysis_Data__2[State],ROW()-2))} -> TX | T37: {=IF($M$1="Manual",IFERROR(INDEX(CoStarSaleZipcodes,MATCH(O37,CoStarSaleName,0)),INDEX(YardiSaleZipcodes,MATCH(O37,YardiSaleName,0))),INDEX([1]!Output_Analysis_Data__2[ZIP],ROW()-2))} -> 76011 | U37: {=IF($M$1="Manual",IFERROR(INDEX(CoStarSaleUnits,MATCH(O37,CoStarSaleName,0)),INDEX(YardiSaleUnits,MATCH(O37,YardiSaleName,0))),INDEX([1]!Output_Analysis_Data__2[Unit Count],ROW()-2))} -> 186 | V37: {=IF($M$1="Manual","",INDEX([1]!Output_Analysis_Data__2[Distance (mi.)],ROW()-2))} -> 20.98624 | W37: {=IF($M$1="Manual",IFERROR(INDEX(CoStarSaleAvgUnitSize,MATCH(O37,CoStarSaleName,0)),INDEX(YardiSaleAvgUnitSize,MATCH(O37,YardiSaleName,0))),INDEX([1]!Output_Analysis_Data__2[Avg Unit SF],ROW()-2))} -> 852 | X37: {=IF($M$1="Manual",IFERROR(INDEX(CoStarSaleYearBuilt,MATCH(O37,CoStarSaleName,0)),INDEX(YardiSaleYearBuilt,MATCH(O37,YardiSaleName,0))),INDEX([1]!Output_Analysis_Data__2[Year Built],ROW()-2))} -> 1978 | Y37: {=IF($M$1="Manual",IF(AA37<>"",AA37,IF(AB37<>"",AB37,IF(AC37<>"",AC37,""))),INDEX([1]!Output_Analysis_Data__2[Sold Price],ROW()-2))} -> 17370000 | Z37: {=IF($M$1="Manual",IFERROR(INDEX(CoStarSaleDate,MATCH(O37,CoStarSaleName,0)),INDEX(YardiSaleDate,MATCH(O37,YardiSaleName,0))),INDEX([1]!Output_Analysis_Data__2[Sale Date],ROW()-2))} -> 45576 | AA37: =IFERROR(INDEX('[1]Agency Loan-Sale Comps'!$J$16:$J$37,MATCH('Comparable Grid'!AD37,'[1]Agency Loan-Sale Comps'!$A$16:$A$37,0),0),"") | AB37: =IFERROR(IF(INDEX(CoStarSalePriceTotal,MATCH(AD37,CoStarSaleCompLookup,0),0)=0,"",INDEX(CoStarSalePriceTotal,MATCH(AD37,CoStarSaleCompLookup,0),0)),"") | AC37: =IFERROR(IF(INDEX(YardiSalePriceTotal,MATCH(AD37,YardiSaleCompLookup,0),0)=0,"",INDEX(YardiSalePriceTotal,MATCH(AD37,YardiSaleCompLookup,0),0)),"") | AD37: =LEFT(Q37,FIND(" ",Q37,1)) -> 2300 | AE37: =AE36&IF($L37="x","x","") -> xxxxxx
C38: Notes: | M38: =IF($M$1="Manual",IF(Y38="","No Sale Price Disclosed!",""),"") | N38: {=IF($M$1="Manual",IF(AA38<>"","Freddie/Fannie",IF(AB38<>"","CoStar",IF(AC38<>"","Yardi","N/A"))),INDEX([1]!Output_Analysis_Data__2[Info Source],ROW()-2))} -> Fannie | O38: {=IF($M$1="Manual",'[1]Sale Comps'!BY38,INDEX([1]!Output_Analysis_Data__2[Property Name],ROW()-2))} -> District 2308 | P38: =IFERROR(Y38/U38,"") -> 104750 | Q38: {=IF($M$1="Manual",IFERROR(INDEX(CoStarSaleAddress,MATCH(O38,CoStarSaleName,0)),INDEX(YardiSaleAddress,MATCH(O38,YardiSaleName,0))),INDEX([1]!Output_Analysis_Data__2[Property Address],ROW()-2))} -> 2308 Fair Oaks Drive | R38: {=IF($M$1="Manual",IFERROR(INDEX(CoStarSaleCity,MATCH(O38,CoStarSaleName,0)),INDEX(YardiSaleCity,MATCH(O38,YardiSaleName,0))),INDEX([1]!Output_Analysis_Data__2[City],ROW()-2))} -> Arlington | S38: {=IF($M$1="Manual",IFERROR(INDEX(CoStarSaleState,MATCH(O38,CoStarSaleName,0)),INDEX(YardiSaleState,MATCH(O38,YardiSaleName,0))),INDEX([1]!Output_Analysis_Data__2[State],ROW()-2))} -> TX | T38: {=IF($M$1="Manual",IFERROR(INDEX(CoStarSaleZipcodes,MATCH(O38,CoStarSaleName,0)),INDEX(YardiSaleZipcodes,MATCH(O38,YardiSaleName,0))),INDEX([1]!Output_Analysis_Data__2[ZIP],ROW()-2))} -> 76011 | U38: {=IF($M$1="Manual",IFERROR(INDEX(CoStarSaleUnits,MATCH(O38,CoStarSaleName,0)),INDEX(YardiSaleUnits,MATCH(O38,YardiSaleName,0))),INDEX([1]!Output_Analysis_Data__2[Unit Count],ROW()-2))} -> 240 | V38: {=IF($M$1="Manual","",INDEX([1]!Output_Analysis_Data__2[Distance (mi.)],ROW()-2))} -> 21.13992 | W38: {=IF($M$1="Manual",IFERROR(INDEX(CoStarSaleAvgUnitSize,MATCH(O38,CoStarSaleName,0)),INDEX(YardiSaleAvgUnitSize,MATCH(O38,YardiSaleName,0))),INDEX([1]!Output_Analysis_Data__2[Avg Unit SF],ROW()-2))} -> 713 | X38: {=IF($M$1="Manual",IFERROR(INDEX(CoStarSaleYearBuilt,MATCH(O38,CoStarSaleName,0)),INDEX(YardiSaleYearBuilt,MATCH(O38,YardiSaleName,0))),INDEX([1]!Output_Analysis_Data__2[Year Built],ROW()-2))} -> 1979 | Y38: {=IF($M$1="Manual",IF(AA38<>"",AA38,IF(AB38<>"",AB38,IF(AC38<>"",AC38,""))),INDEX([1]!Output_Analysis_Data__2[Sold Price],ROW()-2))} -> 25140000 | Z38: {=IF($M$1="Manual",IFERROR(INDEX(CoStarSaleDate,MATCH(O38,CoStarSaleName,0)),INDEX(YardiSaleDate,MATCH(O38,YardiSaleName,0))),INDEX([1]!Output_Analysis_Data__2[Sale Date],ROW()-2))} -> 45303 | AA38: =IFERROR(INDEX('[1]Agency Loan-Sale Comps'!$J$16:$J$37,MATCH('Comparable Grid'!AD38,'[1]Agency Loan-Sale Comps'!$A$16:$A$37,0),0),"") | AB38: =IFERROR(IF(INDEX(CoStarSalePriceTotal,MATCH(AD38,CoStarSaleCompLookup,0),0)=0,"",INDEX(CoStarSalePriceTotal,MATCH(AD38,CoStarSaleCompLookup,0),0)),"") | AC38: =IFERROR(IF(INDEX(YardiSalePriceTotal,MATCH(AD38,YardiSaleCompLookup,0),0)=0,"",INDEX(YardiSalePriceTotal,MATCH(AD38,YardiSaleCompLookup,0),0)),"") | AD38: =LEFT(Q38,FIND(" ",Q38,1)) -> 2308 | AE38: =AE37&IF($L38="x","x","") -> xxxxxx
C39: Comparable product was selected based on overall similarity to the subject property, comparable market area/linkages, vintage, and date of sale. | M39: =IF($M$1="Manual",IF(Y39="","No Sale Price Disclosed!",""),"") | N39: {=IF($M$1="Manual",IF(AA39<>"","Freddie/Fannie",IF(AB39<>"","CoStar",IF(AC39<>"","Yardi","N/A"))),INDEX([1]!Output_Analysis_Data__2[Info Source],ROW()-2))} -> CoStar | O39: {=IF($M$1="Manual",'[1]Sale Comps'!BY39,INDEX([1]!Output_Analysis_Data__2[Property Name],ROW()-2))} -> Westridge Apartments | P39: =IFERROR(Y39/U39,"") -> 80208.333 | Q39: {=IF($M$1="Manual",IFERROR(INDEX(CoStarSaleAddress,MATCH(O39,CoStarSaleName,0)),INDEX(YardiSaleAddress,MATCH(O39,YardiSaleName,0))),INDEX([1]!Output_Analysis_Data__2[Property Address],ROW()-2))} -> 1702 Mineral Wells Hwy | R39: {=IF($M$1="Manual",IFERROR(INDEX(CoStarSaleCity,MATCH(O39,CoStarSaleName,0)),INDEX(YardiSaleCity,MATCH(O39,YardiSaleName,0))),INDEX([1]!Output_Analysis_Data__2[City],ROW()-2))} -> Weatherford | S39: {=IF($M$1="Manual",IFERROR(INDEX(CoStarSaleState,MATCH(O39,CoStarSaleName,0)),INDEX(YardiSaleState,MATCH(O39,YardiSaleName,0))),INDEX([1]!Output_Analysis_Data__2[State],ROW()-2))} -> TX | T39: {=IF($M$1="Manual",IFERROR(INDEX(CoStarSaleZipcodes,MATCH(O39,CoStarSaleName,0)),INDEX(YardiSaleZipcodes,MATCH(O39,YardiSaleName,0))),INDEX([1]!Output_Analysis_Data__2[ZIP],ROW()-2))} -> 76088 | U39: {=IF($M$1="Manual",IFERROR(INDEX(CoStarSaleUnits,MATCH(O39,CoStarSaleName,0)),INDEX(YardiSaleUnits,MATCH(O39,YardiSaleName,0))),INDEX([1]!Output_Analysis_Data__2[Unit Count],ROW()-2))} -> 24 | V39: {=IF($M$1="Manual","",INDEX([1]!Output_Analysis_Data__2[Distance (mi.)],ROW()-2))} -> 22.054237 | W39: {=IF($M$1="Manual",IFERROR(INDEX(CoStarSaleAvgUnitSize,MATCH(O39,CoStarSaleName,0)),INDEX(YardiSaleAvgUnitSize,MATCH(O39,YardiSaleName,0))),INDEX([1]!Output_Analysis_Data__2[Avg Unit SF],ROW()-2))} -> 600 | X39: {=IF($M$1="Manual",IFERROR(INDEX(CoStarSaleYearBuilt,MATCH(O39,CoStarSaleName,0)),INDEX(YardiSaleYearBuilt,MATCH(O39,YardiSaleName,0))),INDEX([1]!Output_Analysis_Data__2[Year Built],ROW()-2))} -> 1982 | Y39: {=IF($M$1="Manual",IF(AA39<>"",AA39,IF(AB39<>"",AB39,IF(AC39<>"",AC39,""))),INDEX([1]!Output_Analysis_Data__2[Sold Price],ROW()-2))} -> 1925000 | Z39: {=IF($M$1="Manual",IFERROR(INDEX(CoStarSaleDate,MATCH(O39,CoStarSaleName,0)),INDEX(YardiSaleDate,MATCH(O39,YardiSaleName,0))),INDEX([1]!Output_Analysis_Data__2[Sale Date],ROW()-2))} -> 45261 | AA39: =IFERROR(INDEX('[1]Agency Loan-Sale Comps'!$J$16:$J$37,MATCH('Comparable Grid'!AD39,'[1]Agency Loan-Sale Comps'!$A$16:$A$37,0),0),"") | AB39: =IFERROR(IF(INDEX(CoStarSalePriceTotal,MATCH(AD39,CoStarSaleCompLookup,0),0)=0,"",INDEX(CoStarSalePriceTotal,MATCH(AD39,CoStarSaleCompLookup,0),0)),"") | AC39: =IFERROR(IF(INDEX(YardiSalePriceTotal,MATCH(AD39,YardiSaleCompLookup,0),0)=0,"",INDEX(YardiSalePriceTotal,MATCH(AD39,YardiSaleCompLookup,0),0)),"") | AD39: =LEFT(Q39,FIND(" ",Q39,1)) -> 1702 | AE39: =AE38&IF($L39="x","x","") -> xxxxxx
C40: Each of the comparables incldued are given equal weighting for the purposes of this analysis. | M40: =IF($M$1="Manual",IF(Y40="","No Sale Price Disclosed!",""),"") | N40: {=IF($M$1="Manual",IF(AA40<>"","Freddie/Fannie",IF(AB40<>"","CoStar",IF(AC40<>"","Yardi","N/A"))),INDEX([1]!Output_Analysis_Data__2[Info Source],ROW()-2))} -> Yardi | O40: {=IF($M$1="Manual",'[1]Sale Comps'!BY40,INDEX([1]!Output_Analysis_Data__2[Property Name],ROW()-2))} -> Reid, The | P40: =IFERROR(Y40/U40,"") -> 115685.36 | Q40: {=IF($M$1="Manual",IFERROR(INDEX(CoStarSaleAddress,MATCH(O40,CoStarSaleName,0)),INDEX(YardiSaleAddress,MATCH(O40,YardiSaleName,0))),INDEX([1]!Output_Analysis_Data__2[Property Address],ROW()-2))} -> 2934 Alouette Drive | R40: {=IF($M$1="Manual",IFERROR(INDEX(CoStarSaleCity,MATCH(O40,CoStarSaleName,0)),INDEX(YardiSaleCity,MATCH(O40,YardiSaleName,0))),INDEX([1]!Output_Analysis_Data__2[City],ROW()-2))} -> Grand Prairie | S40: {=IF($M$1="Manual",IFERROR(INDEX(CoStarSaleState,MATCH(O40,CoStarSaleName,0)),INDEX(YardiSaleState,MATCH(O40,YardiSaleName,0))),INDEX([1]!Output_Analysis_Data__2[State],ROW()-2))} -> TX | T40: {=IF($M$1="Manual",IFERROR(INDEX(CoStarSaleZipcodes,MATCH(O40,CoStarSaleName,0)),INDEX(YardiSaleZipcodes,MATCH(O40,YardiSaleName,0))),INDEX([1]!Output_Analysis_Data__2[ZIP],ROW()-2))} -> 75052 | U40: {=IF($M$1="Manual",IFERROR(INDEX(CoStarSaleUnits,MATCH(O40,CoStarSaleName,0)),INDEX(YardiSaleUnits,MATCH(O40,YardiSaleName,0))),INDEX([1]!Output_Analysis_Data__2[Unit Count],ROW()-2))} -> 642 | V40: {=IF($M$1="Manual","",INDEX([1]!Output_Analysis_Data__2[Distance (mi.)],ROW()-2))} -> 22.699756 | W40: {=IF($M$1="Manual",IFERROR(INDEX(CoStarSaleAvgUnitSize,MATCH(O40,CoStarSaleName,0)),INDEX(YardiSaleAvgUnitSize,MATCH(O40,YardiSaleName,0))),INDEX([1]!Output_Analysis_Data__2[Avg Unit SF],ROW()-2))} -> 819 | X40: {=IF($M$1="Manual",IFERROR(INDEX(CoStarSaleYearBuilt,MATCH(O40,CoStarSaleName,0)),INDEX(YardiSaleYearBuilt,MATCH(O40,YardiSaleName,0))),INDEX([1]!Output_Analysis_Data__2[Year Built],ROW()-2))} -> 1982 | Y40: {=IF($M$1="Manual",IF(AA40<>"",AA40,IF(AB40<>"",AB40,IF(AC40<>"",AC40,""))),INDEX([1]!Output_Analysis_Data__2[Sold Price],ROW()-2))} -> 74270000 | Z40: {=IF($M$1="Manual",IFERROR(INDEX(CoStarSaleDate,MATCH(O40,CoStarSaleName,0)),INDEX(YardiSaleDate,MATCH(O40,YardiSaleName,0))),INDEX([1]!Output_Analysis_Data__2[Sale Date],ROW()-2))} -> 45191 | AA40: =IFERROR(INDEX('[1]Agency Loan-Sale Comps'!$J$16:$J$37,MATCH('Comparable Grid'!AD40,'[1]Agency Loan-Sale Comps'!$A$16:$A$37,0),0),"") | AB40: =IFERROR(IF(INDEX(CoStarSalePriceTotal,MATCH(AD40,CoStarSaleCompLookup,0),0)=0,"",INDEX(CoStarSalePriceTotal,MATCH(AD40,CoStarSaleCompLookup,0),0)),"") | AC40: =IFERROR(IF(INDEX(YardiSalePriceTotal,MATCH(AD40,YardiSaleCompLookup,0),0)=0,"",INDEX(YardiSalePriceTotal,MATCH(AD40,YardiSaleCompLookup,0),0)),"") | AD40: =LEFT(Q40,FIND(" ",Q40,1)) -> 2934 | AE40: =AE39&IF($L40="x","x","") -> xxxxxx
C41: ¹ Newer product typically trades for a higher $/unit. A 0.5% adjustment is applied to account for differences in property age. | M41: =IF($M$1="Manual",IF(Y41="","No Sale Price Disclosed!",""),"") | N41: {=IF($M$1="Manual",IF(AA41<>"","Freddie/Fannie",IF(AB41<>"","CoStar",IF(AC41<>"","Yardi","N/A"))),INDEX([1]!Output_Analysis_Data__2[Info Source],ROW()-2))} -> Yardi | O41: {=IF($M$1="Manual",'[1]Sale Comps'!BY41,INDEX([1]!Output_Analysis_Data__2[Property Name],ROW()-2))} -> MIA Forest Oaks | P41: =IFERROR(Y41/U41,"") -> 109512.2 | Q41: {=IF($M$1="Manual",IFERROR(INDEX(CoStarSaleAddress,MATCH(O41,CoStarSaleName,0)),INDEX(YardiSaleAddress,MATCH(O41,YardiSaleName,0))),INDEX([1]!Output_Analysis_Data__2[Property Address],ROW()-2))} -> 2408 Forest Oaks Lane | R41: {=IF($M$1="Manual",IFERROR(INDEX(CoStarSaleCity,MATCH(O41,CoStarSaleName,0)),INDEX(YardiSaleCity,MATCH(O41,YardiSaleName,0))),INDEX([1]!Output_Analysis_Data__2[City],ROW()-2))} -> Arlington | S41: {=IF($M$1="Manual",IFERROR(INDEX(CoStarSaleState,MATCH(O41,CoStarSaleName,0)),INDEX(YardiSaleState,MATCH(O41,YardiSaleName,0))),INDEX([1]!Output_Analysis_Data__2[State],ROW()-2))} -> TX | T41: {=IF($M$1="Manual",IFERROR(INDEX(CoStarSaleZipcodes,MATCH(O41,CoStarSaleName,0)),INDEX(YardiSaleZipcodes,MATCH(O41,YardiSaleName,0))),INDEX([1]!Output_Analysis_Data__2[ZIP],ROW()-2))} -> 76006 | U41: {=IF($M$1="Manual",IFERROR(INDEX(CoStarSaleUnits,MATCH(O41,CoStarSaleName,0)),INDEX(YardiSaleUnits,MATCH(O41,YardiSaleName,0))),INDEX([1]!Output_Analysis_Data__2[Unit Count],ROW()-2))} -> 164 | V41: {=IF($M$1="Manual","",INDEX([1]!Output_Analysis_Data__2[Distance (mi.)],ROW()-2))} -> 22.879817 | W41: {=IF($M$1="Manual",IFERROR(INDEX(CoStarSaleAvgUnitSize,MATCH(O41,CoStarSaleName,0)),INDEX(YardiSaleAvgUnitSize,MATCH(O41,YardiSaleName,0))),INDEX([1]!Output_Analysis_Data__2[Avg Unit SF],ROW()-2))} -> 736 | X41: {=IF($M$1="Manual",IFERROR(INDEX(CoStarSaleYearBuilt,MATCH(O41,CoStarSaleName,0)),INDEX(YardiSaleYearBuilt,MATCH(O41,YardiSaleName,0))),INDEX([1]!Output_Analysis_Data__2[Year Built],ROW()-2))} -> 1980 | Y41: {=IF($M$1="Manual",IF(AA41<>"",AA41,IF(AB41<>"",AB41,IF(AC41<>"",AC41,""))),INDEX([1]!Output_Analysis_Data__2[Sold Price],ROW()-2))} -> 17960000 | Z41: {=IF($M$1="Manual",IFERROR(INDEX(CoStarSaleDate,MATCH(O41,CoStarSaleName,0)),INDEX(YardiSaleDate,MATCH(O41,YardiSaleName,0))),INDEX([1]!Output_Analysis_Data__2[Sale Date],ROW()-2))} -> 45734 | AA41: =IFERROR(INDEX('[1]Agency Loan-Sale Comps'!$J$16:$J$37,MATCH('Comparable Grid'!AD41,'[1]Agency Loan-Sale Comps'!$A$16:$A$37,0),0),"") | AB41: =IFERROR(IF(INDEX(CoStarSalePriceTotal,MATCH(AD41,CoStarSaleCompLookup,0),0)=0,"",INDEX(CoStarSalePriceTotal,MATCH(AD41,CoStarSaleCompLookup,0),0)),"") | AC41: =IFERROR(IF(INDEX(YardiSalePriceTotal,MATCH(AD41,YardiSaleCompLookup,0),0)=0,"",INDEX(YardiSalePriceTotal,MATCH(AD41,YardiSaleCompLookup,0),0)),"") | AD41: =LEFT(Q41,FIND(" ",Q41,1)) -> 2408 | AE41: =AE40&IF($L41="x","x","") -> xxxxxx
C42: ² Larger sized units typically rent for a higher amount & properties with a larger average unit size generates higher per unit returns - resulting in higher per unit pricing. An adjustment is applied for a fourth of the percentage spread between the average unit sizes. | M42: =IF($M$1="Manual",IF(Y42="","No Sale Price Disclosed!",""),"") | N42: {=IF($M$1="Manual",IF(AA42<>"","Freddie/Fannie",IF(AB42<>"","CoStar",IF(AC42<>"","Yardi","N/A"))),INDEX([1]!Output_Analysis_Data__2[Info Source],ROW()-2))} -> Yardi | O42: {=IF($M$1="Manual",'[1]Sale Comps'!BY42,INDEX([1]!Output_Analysis_Data__2[Property Name],ROW()-2))} -> Landry, The | P42: =IFERROR(Y42/U42,"") -> 137500 | Q42: {=IF($M$1="Manual",IFERROR(INDEX(CoStarSaleAddress,MATCH(O42,CoStarSaleName,0)),INDEX(YardiSaleAddress,MATCH(O42,YardiSaleName,0))),INDEX([1]!Output_Analysis_Data__2[Property Address],ROW()-2))} -> 2505 Thomason Circle | R42: {=IF($M$1="Manual",IFERROR(INDEX(CoStarSaleCity,MATCH(O42,CoStarSaleName,0)),INDEX(YardiSaleCity,MATCH(O42,YardiSaleName,0))),INDEX([1]!Output_Analysis_Data__2[City],ROW()-2))} -> Arlington | S42: {=IF($M$1="Manual",IFERROR(INDEX(CoStarSaleState,MATCH(O42,CoStarSaleName,0)),INDEX(YardiSaleState,MATCH(O42,YardiSaleName,0))),INDEX([1]!Output_Analysis_Data__2[State],ROW()-2))} -> TX | T42: {=IF($M$1="Manual",IFERROR(INDEX(CoStarSaleZipcodes,MATCH(O42,CoStarSaleName,0)),INDEX(YardiSaleZipcodes,MATCH(O42,YardiSaleName,0))),INDEX([1]!Output_Analysis_Data__2[ZIP],ROW()-2))} -> 76006 | U42: {=IF($M$1="Manual",IFERROR(INDEX(CoStarSaleUnits,MATCH(O42,CoStarSaleName,0)),INDEX(YardiSaleUnits,MATCH(O42,YardiSaleName,0))),INDEX([1]!Output_Analysis_Data__2[Unit Count],ROW()-2))} -> 288 | V42: {=IF($M$1="Manual","",INDEX([1]!Output_Analysis_Data__2[Distance (mi.)],ROW()-2))} -> 22.947328 | W42: {=IF($M$1="Manual",IFERROR(INDEX(CoStarSaleAvgUnitSize,MATCH(O42,CoStarSaleName,0)),INDEX(YardiSaleAvgUnitSize,MATCH(O42,YardiSaleName,0))),INDEX([1]!Output_Analysis_Data__2[Avg Unit SF],ROW()-2))} -> 798 | X42: {=IF($M$1="Manual",IFERROR(INDEX(CoStarSaleYearBuilt,MATCH(O42,CoStarSaleName,0)),INDEX(YardiSaleYearBuilt,MATCH(O42,YardiSaleName,0))),INDEX([1]!Output_Analysis_Data__2[Year Built],ROW()-2))} -> 1983 | Y42: {=IF($M$1="Manual",IF(AA42<>"",AA42,IF(AB42<>"",AB42,IF(AC42<>"",AC42,""))),INDEX([1]!Output_Analysis_Data__2[Sold Price],ROW()-2))} -> 39600000 | Z42: {=IF($M$1="Manual",IFERROR(INDEX(CoStarSaleDate,MATCH(O42,CoStarSaleName,0)),INDEX(YardiSaleDate,MATCH(O42,YardiSaleName,0))),INDEX([1]!Output_Analysis_Data__2[Sale Date],ROW()-2))} -> 45282 | AA42: =IFERROR(INDEX('[1]Agency Loan-Sale Comps'!$J$16:$J$37,MATCH('Comparable Grid'!AD42,'[1]Agency Loan-Sale Comps'!$A$16:$A$37,0),0),"") | AB42: =IFERROR(IF(INDEX(CoStarSalePriceTotal,MATCH(AD42,CoStarSaleCompLookup,0),0)=0,"",INDEX(CoStarSalePriceTotal,MATCH(AD42,CoStarSaleCompLookup,0),0)),"") | AC42: =IFERROR(IF(INDEX(YardiSalePriceTotal,MATCH(AD42,YardiSaleCompLookup,0),0)=0,"",INDEX(YardiSalePriceTotal,MATCH(AD42,YardiSaleCompLookup,0),0)),"") | AD42: =LEFT(Q42,FIND(" ",Q42,1)) -> 2505 | AE42: =AE41&IF($L42="x","x","") -> xxxxxx
C43: ³ Per unit pricing is normalized for historic sales to account for differences between past and current cap rates. The extent of cap rate compression/decompression since time of sale is obtained from available Fannie/Freddie records and CoStar market data. | M43: =IF($M$1="Manual",IF(Y43="","No Sale Price Disclosed!",""),"") | N43: {=IF($M$1="Manual",IF(AA43<>"","Freddie/Fannie",IF(AB43<>"","CoStar",IF(AC43<>"","Yardi","N/A"))),INDEX([1]!Output_Analysis_Data__2[Info Source],ROW()-2))} -> Yardi | O43: {=IF($M$1="Manual",'[1]Sale Comps'!BY43,INDEX([1]!Output_Analysis_Data__2[Property Name],ROW()-2))} -> Hillside Village | P43: =IFERROR(Y43/U43,"") -> 83800 | Q43: {=IF($M$1="Manual",IFERROR(INDEX(CoStarSaleAddress,MATCH(O43,CoStarSaleName,0)),INDEX(YardiSaleAddress,MATCH(O43,YardiSaleName,0))),INDEX([1]!Output_Analysis_Data__2[Property Address],ROW()-2))} -> 306 Vine Street | R43: {=IF($M$1="Manual",IFERROR(INDEX(CoStarSaleCity,MATCH(O43,CoStarSaleName,0)),INDEX(YardiSaleCity,MATCH(O43,YardiSaleName,0))),INDEX([1]!Output_Analysis_Data__2[City],ROW()-2))} -> Euless | S43: {=IF($M$1="Manual",IFERROR(INDEX(CoStarSaleState,MATCH(O43,CoStarSaleName,0)),INDEX(YardiSaleState,MATCH(O43,YardiSaleName,0))),INDEX([1]!Output_Analysis_Data__2[State],ROW()-2))} -> TX | T43: {=IF($M$1="Manual",IFERROR(INDEX(CoStarSaleZipcodes,MATCH(O43,CoStarSaleName,0)),INDEX(YardiSaleZipcodes,MATCH(O43,YardiSaleName,0))),INDEX([1]!Output_Analysis_Data__2[ZIP],ROW()-2))} -> 76040 | U43: {=IF($M$1="Manual",IFERROR(INDEX(CoStarSaleUnits,MATCH(O43,CoStarSaleName,0)),INDEX(YardiSaleUnits,MATCH(O43,YardiSaleName,0))),INDEX([1]!Output_Analysis_Data__2[Unit Count],ROW()-2))} -> 100 | V43: {=IF($M$1="Manual","",INDEX([1]!Output_Analysis_Data__2[Distance (mi.)],ROW()-2))} -> 22.965319 | W43: {=IF($M$1="Manual",IFERROR(INDEX(CoStarSaleAvgUnitSize,MATCH(O43,CoStarSaleName,0)),INDEX(YardiSaleAvgUnitSize,MATCH(O43,YardiSaleName,0))),INDEX([1]!Output_Analysis_Data__2[Avg Unit SF],ROW()-2))} -> 775 | X43: {=IF($M$1="Manual",IFERROR(INDEX(CoStarSaleYearBuilt,MATCH(O43,CoStarSaleName,0)),INDEX(YardiSaleYearBuilt,MATCH(O43,YardiSaleName,0))),INDEX([1]!Output_Analysis_Data__2[Year Built],ROW()-2))} -> 1980 | Y43: {=IF($M$1="Manual",IF(AA43<>"",AA43,IF(AB43<>"",AB43,IF(AC43<>"",AC43,""))),INDEX([1]!Output_Analysis_Data__2[Sold Price],ROW()-2))} -> 8380000 | Z43: {=IF($M$1="Manual",IFERROR(INDEX(CoStarSaleDate,MATCH(O43,CoStarSaleName,0)),INDEX(YardiSaleDate,MATCH(O43,YardiSaleName,0))),INDEX([1]!Output_Analysis_Data__2[Sale Date],ROW()-2))} -> 45169 | AA43: =IFERROR(INDEX('[1]Agency Loan-Sale Comps'!$J$16:$J$37,MATCH('Comparable Grid'!AD43,'[1]Agency Loan-Sale Comps'!$A$16:$A$37,0),0),"") | AB43: =IFERROR(IF(INDEX(CoStarSalePriceTotal,MATCH(AD43,CoStarSaleCompLookup,0),0)=0,"",INDEX(CoStarSalePriceTotal,MATCH(AD43,CoStarSaleCompLookup,0),0)),"") | AC43: =IFERROR(IF(INDEX(YardiSalePriceTotal,MATCH(AD43,YardiSaleCompLookup,0),0)=0,"",INDEX(YardiSalePriceTotal,MATCH(AD43,YardiSaleCompLookup,0),0)),"") | AD43: =LEFT(Q43,FIND(" ",Q43,1)) -> 306 | AE43: =AE42&IF($L43="x","x","") -> xxxxxx
M44: =IF($M$1="Manual",IF(Y44="","No Sale Price Disclosed!",""),"") | N44: {=IF($M$1="Manual",IF(AA44<>"","Freddie/Fannie",IF(AB44<>"","CoStar",IF(AC44<>"","Yardi","N/A"))),INDEX([1]!Output_Analysis_Data__2[Info Source],ROW()-2))} -> Yardi | O44: {=IF($M$1="Manual",'[1]Sale Comps'!BY44,INDEX([1]!Output_Analysis_Data__2[Property Name],ROW()-2))} -> Rise Heather Ridge | P44: =IFERROR(Y44/U44,"") -> 131309.52 | Q44: {=IF($M$1="Manual",IFERROR(INDEX(CoStarSaleAddress,MATCH(O44,CoStarSaleName,0)),INDEX(YardiSaleAddress,MATCH(O44,YardiSaleName,0))),INDEX([1]!Output_Analysis_Data__2[Property Address],ROW()-2))} -> 2706 Heather Hill Court | R44: {=IF($M$1="Manual",IFERROR(INDEX(CoStarSaleCity,MATCH(O44,CoStarSaleName,0)),INDEX(YardiSaleCity,MATCH(O44,YardiSaleName,0))),INDEX([1]!Output_Analysis_Data__2[City],ROW()-2))} -> Arlington | S44: {=IF($M$1="Manual",IFERROR(INDEX(CoStarSaleState,MATCH(O44,CoStarSaleName,0)),INDEX(YardiSaleState,MATCH(O44,YardiSaleName,0))),INDEX([1]!Output_Analysis_Data__2[State],ROW()-2))} -> TX | T44: {=IF($M$1="Manual",IFERROR(INDEX(CoStarSaleZipcodes,MATCH(O44,CoStarSaleName,0)),INDEX(YardiSaleZipcodes,MATCH(O44,YardiSaleName,0))),INDEX([1]!Output_Analysis_Data__2[ZIP],ROW()-2))} -> 76006 | U44: {=IF($M$1="Manual",IFERROR(INDEX(CoStarSaleUnits,MATCH(O44,CoStarSaleName,0)),INDEX(YardiSaleUnits,MATCH(O44,YardiSaleName,0))),INDEX([1]!Output_Analysis_Data__2[Unit Count],ROW()-2))} -> 252 | V44: {=IF($M$1="Manual","",INDEX([1]!Output_Analysis_Data__2[Distance (mi.)],ROW()-2))} -> 23.271327 | W44: {=IF($M$1="Manual",IFERROR(INDEX(CoStarSaleAvgUnitSize,MATCH(O44,CoStarSaleName,0)),INDEX(YardiSaleAvgUnitSize,MATCH(O44,YardiSaleName,0))),INDEX([1]!Output_Analysis_Data__2[Avg Unit SF],ROW()-2))} -> 802 | X44: {=IF($M$1="Manual",IFERROR(INDEX(CoStarSaleYearBuilt,MATCH(O44,CoStarSaleName,0)),INDEX(YardiSaleYearBuilt,MATCH(O44,YardiSaleName,0))),INDEX([1]!Output_Analysis_Data__2[Year Built],ROW()-2))} -> 1983 | Y44: {=IF($M$1="Manual",IF(AA44<>"",AA44,IF(AB44<>"",AB44,IF(AC44<>"",AC44,""))),INDEX([1]!Output_Analysis_Data__2[Sold Price],ROW()-2))} -> 33090000 | Z44: {=IF($M$1="Manual",IFERROR(INDEX(CoStarSaleDate,MATCH(O44,CoStarSaleName,0)),INDEX(YardiSaleDate,MATCH(O44,YardiSaleName,0))),INDEX([1]!Output_Analysis_Data__2[Sale Date],ROW()-2))} -> 45211 | AA44: =IFERROR(INDEX('[1]Agency Loan-Sale Comps'!$J$16:$J$37,MATCH('Comparable Grid'!AD44,'[1]Agency Loan-Sale Comps'!$A$16:$A$37,0),0),"") | AB44: =IFERROR(IF(INDEX(CoStarSalePriceTotal,MATCH(AD44,CoStarSaleCompLookup,0),0)=0,"",INDEX(CoStarSalePriceTotal,MATCH(AD44,CoStarSaleCompLookup,0),0)),"") | AC44: =IFERROR(IF(INDEX(YardiSalePriceTotal,MATCH(AD44,YardiSaleCompLookup,0),0)=0,"",INDEX(YardiSalePriceTotal,MATCH(AD44,YardiSaleCompLookup,0),0)),"") | AD44: =LEFT(Q44,FIND(" ",Q44,1)) -> 2706 | AE44: =AE43&IF($L44="x","x","") -> xxxxxx
M45: =IF($M$1="Manual",IF(Y45="","No Sale Price Disclosed!",""),"") | N45: {=IF($M$1="Manual",IF(AA45<>"","Freddie/Fannie",IF(AB45<>"","CoStar",IF(AC45<>"","Yardi","N/A"))),INDEX([1]!Output_Analysis_Data__2[Info Source],ROW()-2))} -> Yardi | O45: {=IF($M$1="Manual",'[1]Sale Comps'!BY45,INDEX([1]!Output_Analysis_Data__2[Property Name],ROW()-2))} -> NeuRock of Meadow Green | P45: =IFERROR(Y45/U45,"") -> 171200 | Q45: {=IF($M$1="Manual",IFERROR(INDEX(CoStarSaleAddress,MATCH(O45,CoStarSaleName,0)),INDEX(YardiSaleAddress,MATCH(O45,YardiSaleName,0))),INDEX([1]!Output_Analysis_Data__2[Property Address],ROW()-2))} -> 3001 East Avenue K | R45: {=IF($M$1="Manual",IFERROR(INDEX(CoStarSaleCity,MATCH(O45,CoStarSaleName,0)),INDEX(YardiSaleCity,MATCH(O45,YardiSaleName,0))),INDEX([1]!Output_Analysis_Data__2[City],ROW()-2))} -> Grand Prairie | S45: {=IF($M$1="Manual",IFERROR(INDEX(CoStarSaleState,MATCH(O45,CoStarSaleName,0)),INDEX(YardiSaleState,MATCH(O45,YardiSaleName,0))),INDEX([1]!Output_Analysis_Data__2[State],ROW()-2))} -> TX | T45: {=IF($M$1="Manual",IFERROR(INDEX(CoStarSaleZipcodes,MATCH(O45,CoStarSaleName,0)),INDEX(YardiSaleZipcodes,MATCH(O45,YardiSaleName,0))),INDEX([1]!Output_Analysis_Data__2[ZIP],ROW()-2))} -> 75050 | U45: {=IF($M$1="Manual",IFERROR(INDEX(CoStarSaleUnits,MATCH(O45,CoStarSaleName,0)),INDEX(YardiSaleUnits,MATCH(O45,YardiSaleName,0))),INDEX([1]!Output_Analysis_Data__2[Unit Count],ROW()-2))} -> 100 | V45: {=IF($M$1="Manual","",INDEX([1]!Output_Analysis_Data__2[Distance (mi.)],ROW()-2))} -> 24.034754 | W45: {=IF($M$1="Manual",IFERROR(INDEX(CoStarSaleAvgUnitSize,MATCH(O45,CoStarSaleName,0)),INDEX(YardiSaleAvgUnitSize,MATCH(O45,YardiSaleName,0))),INDEX([1]!Output_Analysis_Data__2[Avg Unit SF],ROW()-2))} -> 1083 | X45: {=IF($M$1="Manual",IFERROR(INDEX(CoStarSaleYearBuilt,MATCH(O45,CoStarSaleName,0)),INDEX(YardiSaleYearBuilt,MATCH(O45,YardiSaleName,0))),INDEX([1]!Output_Analysis_Data__2[Year Built],ROW()-2))} -> 1980 | Y45: {=IF($M$1="Manual",IF(AA45<>"",AA45,IF(AB45<>"",AB45,IF(AC45<>"",AC45,""))),INDEX([1]!Output_Analysis_Data__2[Sold Price],ROW()-2))} -> 17120000 | Z45: {=IF($M$1="Manual",IFERROR(INDEX(CoStarSaleDate,MATCH(O45,CoStarSaleName,0)),INDEX(YardiSaleDate,MATCH(O45,YardiSaleName,0))),INDEX([1]!Output_Analysis_Data__2[Sale Date],ROW()-2))} -> 45443 | AA45: =IFERROR(INDEX('[1]Agency Loan-Sale Comps'!$J$16:$J$37,MATCH('Comparable Grid'!AD45,'[1]Agency Loan-Sale Comps'!$A$16:$A$37,0),0),"") | AB45: =IFERROR(IF(INDEX(CoStarSalePriceTotal,MATCH(AD45,CoStarSaleCompLookup,0),0)=0,"",INDEX(CoStarSalePriceTotal,MATCH(AD45,CoStarSaleCompLookup,0),0)),"") | AC45: =IFERROR(IF(INDEX(YardiSalePriceTotal,MATCH(AD45,YardiSaleCompLookup,0),0)=0,"",INDEX(YardiSalePriceTotal,MATCH(AD45,YardiSaleCompLookup,0),0)),"") | AD45: =LEFT(Q45,FIND(" ",Q45,1)) -> 3001 | AE45: =AE44&IF($L45="x","x","") -> xxxxxx
M46: =IF($M$1="Manual",IF(Y46="","No Sale Price Disclosed!",""),"") | N46: {=IF($M$1="Manual",IF(AA46<>"","Freddie/Fannie",IF(AB46<>"","CoStar",IF(AC46<>"","Yardi","N/A"))),INDEX([1]!Output_Analysis_Data__2[Info Source],ROW()-2))} -> Yardi | O46: {=IF($M$1="Manual",'[1]Sale Comps'!BY46,INDEX([1]!Output_Analysis_Data__2[Property Name],ROW()-2))} -> Terraces on the Parkway | P46: =IFERROR(Y46/U46,"") -> 125844.59 | Q46: {=IF($M$1="Manual",IFERROR(INDEX(CoStarSaleAddress,MATCH(O46,CoStarSaleName,0)),INDEX(YardiSaleAddress,MATCH(O46,YardiSaleName,0))),INDEX([1]!Output_Analysis_Data__2[Property Address],ROW()-2))} -> 1109 North Carrier Pkwy | R46: {=IF($M$1="Manual",IFERROR(INDEX(CoStarSaleCity,MATCH(O46,CoStarSaleName,0)),INDEX(YardiSaleCity,MATCH(O46,YardiSaleName,0))),INDEX([1]!Output_Analysis_Data__2[City],ROW()-2))} -> Grand Prairie | S46: {=IF($M$1="Manual",IFERROR(INDEX(CoStarSaleState,MATCH(O46,CoStarSaleName,0)),INDEX(YardiSaleState,MATCH(O46,YardiSaleName,0))),INDEX([1]!Output_Analysis_Data__2[State],ROW()-2))} -> TX | T46: {=IF($M$1="Manual",IFERROR(INDEX(CoStarSaleZipcodes,MATCH(O46,CoStarSaleName,0)),INDEX(YardiSaleZipcodes,MATCH(O46,YardiSaleName,0))),INDEX([1]!Output_Analysis_Data__2[ZIP],ROW()-2))} -> 75050 | U46: {=IF($M$1="Manual",IFERROR(INDEX(CoStarSaleUnits,MATCH(O46,CoStarSaleName,0)),INDEX(YardiSaleUnits,MATCH(O46,YardiSaleName,0))),INDEX([1]!Output_Analysis_Data__2[Unit Count],ROW()-2))} -> 296 | V46: {=IF($M$1="Manual","",INDEX([1]!Output_Analysis_Data__2[Distance (mi.)],ROW()-2))} -> 25.370551 | W46: {=IF($M$1="Manual",IFERROR(INDEX(CoStarSaleAvgUnitSize,MATCH(O46,CoStarSaleName,0)),INDEX(YardiSaleAvgUnitSize,MATCH(O46,YardiSaleName,0))),INDEX([1]!Output_Analysis_Data__2[Avg Unit SF],ROW()-2))} -> 891 | X46: {=IF($M$1="Manual",IFERROR(INDEX(CoStarSaleYearBuilt,MATCH(O46,CoStarSaleName,0)),INDEX(YardiSaleYearBuilt,MATCH(O46,YardiSaleName,0))),INDEX([1]!Output_Analysis_Data__2[Year Built],ROW()-2))} -> 1972 | Y46: {=IF($M$1="Manual",IF(AA46<>"",AA46,IF(AB46<>"",AB46,IF(AC46<>"",AC46,""))),INDEX([1]!Output_Analysis_Data__2[Sold Price],ROW()-2))} -> 37250000 | Z46: {=IF($M$1="Manual",IFERROR(INDEX(CoStarSaleDate,MATCH(O46,CoStarSaleName,0)),INDEX(YardiSaleDate,MATCH(O46,YardiSaleName,0))),INDEX([1]!Output_Analysis_Data__2[Sale Date],ROW()-2))} -> 45383 | AA46: =IFERROR(INDEX('[1]Agency Loan-Sale Comps'!$J$16:$J$37,MATCH('Comparable Grid'!AD46,'[1]Agency Loan-Sale Comps'!$A$16:$A$37,0),0),"") | AB46: =IFERROR(IF(INDEX(CoStarSalePriceTotal,MATCH(AD46,CoStarSaleCompLookup,0),0)=0,"",INDEX(CoStarSalePriceTotal,MATCH(AD46,CoStarSaleCompLookup,0),0)),"") | AC46: =IFERROR(IF(INDEX(YardiSalePriceTotal,MATCH(AD46,YardiSaleCompLookup,0),0)=0,"",INDEX(YardiSalePriceTotal,MATCH(AD46,YardiSaleCompLookup,0),0)),"") | AD46: =LEFT(Q46,FIND(" ",Q46,1)) -> 1109 | AE46: =AE45&IF($L46="x","x","") -> xxxxxx
C47: Map | M47: =IF($M$1="Manual",IF(Y47="","No Sale Price Disclosed!",""),"") | N47: {=IF($M$1="Manual",IF(AA47<>"","Freddie/Fannie",IF(AB47<>"","CoStar",IF(AC47<>"","Yardi","N/A"))),INDEX([1]!Output_Analysis_Data__2[Info Source],ROW()-2))} -> Yardi | O47: {=IF($M$1="Manual",'[1]Sale Comps'!BY47,INDEX([1]!Output_Analysis_Data__2[Property Name],ROW()-2))} -> Cottonwood Park Village | P47: =IFERROR(Y47/U47,"") -> 110588.24 | Q47: {=IF($M$1="Manual",IFERROR(INDEX(CoStarSaleAddress,MATCH(O47,CoStarSaleName,0)),INDEX(YardiSaleAddress,MATCH(O47,YardiSaleName,0))),INDEX([1]!Output_Analysis_Data__2[Property Address],ROW()-2))} -> 575 West Dickey Road | R47: {=IF($M$1="Manual",IFERROR(INDEX(CoStarSaleCity,MATCH(O47,CoStarSaleName,0)),INDEX(YardiSaleCity,MATCH(O47,YardiSaleName,0))),INDEX([1]!Output_Analysis_Data__2[City],ROW()-2))} -> Grand Prairie | S47: {=IF($M$1="Manual",IFERROR(INDEX(CoStarSaleState,MATCH(O47,CoStarSaleName,0)),INDEX(YardiSaleState,MATCH(O47,YardiSaleName,0))),INDEX([1]!Output_Analysis_Data__2[State],ROW()-2))} -> TX | T47: {=IF($M$1="Manual",IFERROR(INDEX(CoStarSaleZipcodes,MATCH(O47,CoStarSaleName,0)),INDEX(YardiSaleZipcodes,MATCH(O47,YardiSaleName,0))),INDEX([1]!Output_Analysis_Data__2[ZIP],ROW()-2))} -> 75051 | U47: {=IF($M$1="Manual",IFERROR(INDEX(CoStarSaleUnits,MATCH(O47,CoStarSaleName,0)),INDEX(YardiSaleUnits,MATCH(O47,YardiSaleName,0))),INDEX([1]!Output_Analysis_Data__2[Unit Count],ROW()-2))} -> 170 | V47: {=IF($M$1="Manual","",INDEX([1]!Output_Analysis_Data__2[Distance (mi.)],ROW()-2))} -> 25.630783 | W47: {=IF($M$1="Manual",IFERROR(INDEX(CoStarSaleAvgUnitSize,MATCH(O47,CoStarSaleName,0)),INDEX(YardiSaleAvgUnitSize,MATCH(O47,YardiSaleName,0))),INDEX([1]!Output_Analysis_Data__2[Avg Unit SF],ROW()-2))} -> 748 | X47: {=IF($M$1="Manual",IFERROR(INDEX(CoStarSaleYearBuilt,MATCH(O47,CoStarSaleName,0)),INDEX(YardiSaleYearBuilt,MATCH(O47,YardiSaleName,0))),INDEX([1]!Output_Analysis_Data__2[Year Built],ROW()-2))} -> 1981 | Y47: {=IF($M$1="Manual",IF(AA47<>"",AA47,IF(AB47<>"",AB47,IF(AC47<>"",AC47,""))),INDEX([1]!Output_Analysis_Data__2[Sold Price],ROW()-2))} -> 18800000 | Z47: {=IF($M$1="Manual",IFERROR(INDEX(CoStarSaleDate,MATCH(O47,CoStarSaleName,0)),INDEX(YardiSaleDate,MATCH(O47,YardiSaleName,0))),INDEX([1]!Output_Analysis_Data__2[Sale Date],ROW()-2))} -> 45834 | AA47: =IFERROR(INDEX('[1]Agency Loan-Sale Comps'!$J$16:$J$37,MATCH('Comparable Grid'!AD47,'[1]Agency Loan-Sale Comps'!$A$16:$A$37,0),0),"") | AB47: =IFERROR(IF(INDEX(CoStarSalePriceTotal,MATCH(AD47,CoStarSaleCompLookup,0),0)=0,"",INDEX(CoStarSalePriceTotal,MATCH(AD47,CoStarSaleCompLookup,0),0)),"") | AC47: =IFERROR(IF(INDEX(YardiSalePriceTotal,MATCH(AD47,YardiSaleCompLookup,0),0)=0,"",INDEX(YardiSalePriceTotal,MATCH(AD47,YardiSaleCompLookup,0),0)),"") | AD47: =LEFT(Q47,FIND(" ",Q47,1)) -> 575 | AE47: =AE46&IF($L47="x","x","") -> xxxxxx
M48: =IF($M$1="Manual",IF(Y48="","No Sale Price Disclosed!",""),"") | N48: {=IF($M$1="Manual",IF(AA48<>"","Freddie/Fannie",IF(AB48<>"","CoStar",IF(AC48<>"","Yardi","N/A"))),INDEX([1]!Output_Analysis_Data__2[Info Source],ROW()-2))} -> Yardi | O48: {=IF($M$1="Manual",'[1]Sale Comps'!BY48,INDEX([1]!Output_Analysis_Data__2[Property Name],ROW()-2))} -> Mirabel, The | P48: =IFERROR(Y48/U48,"") -> 152674.42 | Q48: {=IF($M$1="Manual",IFERROR(INDEX(CoStarSaleAddress,MATCH(O48,CoStarSaleName,0)),INDEX(YardiSaleAddress,MATCH(O48,YardiSaleName,0))),INDEX([1]!Output_Analysis_Data__2[Property Address],ROW()-2))} -> 1008 South Belt Line Road | R48: {=IF($M$1="Manual",IFERROR(INDEX(CoStarSaleCity,MATCH(O48,CoStarSaleName,0)),INDEX(YardiSaleCity,MATCH(O48,YardiSaleName,0))),INDEX([1]!Output_Analysis_Data__2[City],ROW()-2))} -> Grand Prairie | S48: {=IF($M$1="Manual",IFERROR(INDEX(CoStarSaleState,MATCH(O48,CoStarSaleName,0)),INDEX(YardiSaleState,MATCH(O48,YardiSaleName,0))),INDEX([1]!Output_Analysis_Data__2[State],ROW()-2))} -> TX | T48: {=IF($M$1="Manual",IFERROR(INDEX(CoStarSaleZipcodes,MATCH(O48,CoStarSaleName,0)),INDEX(YardiSaleZipcodes,MATCH(O48,YardiSaleName,0))),INDEX([1]!Output_Analysis_Data__2[ZIP],ROW()-2))} -> 75051 | U48: {=IF($M$1="Manual",IFERROR(INDEX(CoStarSaleUnits,MATCH(O48,CoStarSaleName,0)),INDEX(YardiSaleUnits,MATCH(O48,YardiSaleName,0))),INDEX([1]!Output_Analysis_Data__2[Unit Count],ROW()-2))} -> 86 | V48: {=IF($M$1="Manual","",INDEX([1]!Output_Analysis_Data__2[Distance (mi.)],ROW()-2))} -> 26.625547 | W48: {=IF($M$1="Manual",IFERROR(INDEX(CoStarSaleAvgUnitSize,MATCH(O48,CoStarSaleName,0)),INDEX(YardiSaleAvgUnitSize,MATCH(O48,YardiSaleName,0))),INDEX([1]!Output_Analysis_Data__2[Avg Unit SF],ROW()-2))} -> 990 | X48: {=IF($M$1="Manual",IFERROR(INDEX(CoStarSaleYearBuilt,MATCH(O48,CoStarSaleName,0)),INDEX(YardiSaleYearBuilt,MATCH(O48,YardiSaleName,0))),INDEX([1]!Output_Analysis_Data__2[Year Built],ROW()-2))} -> 1970 | Y48: {=IF($M$1="Manual",IF(AA48<>"",AA48,IF(AB48<>"",AB48,IF(AC48<>"",AC48,""))),INDEX([1]!Output_Analysis_Data__2[Sold Price],ROW()-2))} -> 13130000 | Z48: {=IF($M$1="Manual",IFERROR(INDEX(CoStarSaleDate,MATCH(O48,CoStarSaleName,0)),INDEX(YardiSaleDate,MATCH(O48,YardiSaleName,0))),INDEX([1]!Output_Analysis_Data__2[Sale Date],ROW()-2))} -> 45275 | AA48: =IFERROR(INDEX('[1]Agency Loan-Sale Comps'!$J$16:$J$37,MATCH('Comparable Grid'!AD48,'[1]Agency Loan-Sale Comps'!$A$16:$A$37,0),0),"") | AB48: =IFERROR(IF(INDEX(CoStarSalePriceTotal,MATCH(AD48,CoStarSaleCompLookup,0),0)=0,"",INDEX(CoStarSalePriceTotal,MATCH(AD48,CoStarSaleCompLookup,0),0)),"") | AC48: =IFERROR(IF(INDEX(YardiSalePriceTotal,MATCH(AD48,YardiSaleCompLookup,0),0)=0,"",INDEX(YardiSalePriceTotal,MATCH(AD48,YardiSaleCompLookup,0),0)),"") | AD48: =LEFT(Q48,FIND(" ",Q48,1)) -> 1008 | AE48: =AE47&IF($L48="x","x","") -> xxxxxx
M49: =IF($M$1="Manual",IF(Y49="","No Sale Price Disclosed!",""),"") | N49: {=IF($M$1="Manual",IF(AA49<>"","Freddie/Fannie",IF(AB49<>"","CoStar",IF(AC49<>"","Yardi","N/A"))),INDEX([1]!Output_Analysis_Data__2[Info Source],ROW()-2))} -> CoStar | O49: {=IF($M$1="Manual",'[1]Sale Comps'!BY49,INDEX([1]!Output_Analysis_Data__2[Property Name],ROW()-2))} -> Texas Apartments, Inc | P49: =IFERROR(Y49/U49,"") -> 104737.5 | Q49: {=IF($M$1="Manual",IFERROR(INDEX(CoStarSaleAddress,MATCH(O49,CoStarSaleName,0)),INDEX(YardiSaleAddress,MATCH(O49,YardiSaleName,0))),INDEX([1]!Output_Analysis_Data__2[Property Address],ROW()-2))} -> 421 E Worth St | R49: {=IF($M$1="Manual",IFERROR(INDEX(CoStarSaleCity,MATCH(O49,CoStarSaleName,0)),INDEX(YardiSaleCity,MATCH(O49,YardiSaleName,0))),INDEX([1]!Output_Analysis_Data__2[City],ROW()-2))} -> Grapevine | S49: {=IF($M$1="Manual",IFERROR(INDEX(CoStarSaleState,MATCH(O49,CoStarSaleName,0)),INDEX(YardiSaleState,MATCH(O49,YardiSaleName,0))),INDEX([1]!Output_Analysis_Data__2[State],ROW()-2))} -> TX | T49: {=IF($M$1="Manual",IFERROR(INDEX(CoStarSaleZipcodes,MATCH(O49,CoStarSaleName,0)),INDEX(YardiSaleZipcodes,MATCH(O49,YardiSaleName,0))),INDEX([1]!Output_Analysis_Data__2[ZIP],ROW()-2))} -> 76051 | U49: {=IF($M$1="Manual",IFERROR(INDEX(CoStarSaleUnits,MATCH(O49,CoStarSaleName,0)),INDEX(YardiSaleUnits,MATCH(O49,YardiSaleName,0))),INDEX([1]!Output_Analysis_Data__2[Unit Count],ROW()-2))} -> 32 | V49: {=IF($M$1="Manual","",INDEX([1]!Output_Analysis_Data__2[Distance (mi.)],ROW()-2))} -> 27.197629 | W49: {=IF($M$1="Manual",IFERROR(INDEX(CoStarSaleAvgUnitSize,MATCH(O49,CoStarSaleName,0)),INDEX(YardiSaleAvgUnitSize,MATCH(O49,YardiSaleName,0))),INDEX([1]!Output_Analysis_Data__2[Avg Unit SF],ROW()-2))} -> 665 | X49: {=IF($M$1="Manual",IFERROR(INDEX(CoStarSaleYearBuilt,MATCH(O49,CoStarSaleName,0)),INDEX(YardiSaleYearBuilt,MATCH(O49,YardiSaleName,0))),INDEX([1]!Output_Analysis_Data__2[Year Built],ROW()-2))} -> 1972 | Y49: {=IF($M$1="Manual",IF(AA49<>"",AA49,IF(AB49<>"",AB49,IF(AC49<>"",AC49,""))),INDEX([1]!Output_Analysis_Data__2[Sold Price],ROW()-2))} -> 3351600 | Z49: {=IF($M$1="Manual",IFERROR(INDEX(CoStarSaleDate,MATCH(O49,CoStarSaleName,0)),INDEX(YardiSaleDate,MATCH(O49,YardiSaleName,0))),INDEX([1]!Output_Analysis_Data__2[Sale Date],ROW()-2))} -> 45631 | AA49: =IFERROR(INDEX('[1]Agency Loan-Sale Comps'!$J$16:$J$37,MATCH('Comparable Grid'!AD49,'[1]Agency Loan-Sale Comps'!$A$16:$A$37,0),0),"") | AB49: =IFERROR(IF(INDEX(CoStarSalePriceTotal,MATCH(AD49,CoStarSaleCompLookup,0),0)=0,"",INDEX(CoStarSalePriceTotal,MATCH(AD49,CoStarSaleCompLookup,0),0)),"") | AC49: =IFERROR(IF(INDEX(YardiSalePriceTotal,MATCH(AD49,YardiSaleCompLookup,0),0)=0,"",INDEX(YardiSalePriceTotal,MATCH(AD49,YardiSaleCompLookup,0),0)),"") | AD49: =LEFT(Q49,FIND(" ",Q49,1)) -> 421 | AE49: =AE48&IF($L49="x","x","") -> xxxxxx
M50: =IF($M$1="Manual",IF(Y50="","No Sale Price Disclosed!",""),"") | N50: {=IF($M$1="Manual",IF(AA50<>"","Freddie/Fannie",IF(AB50<>"","CoStar",IF(AC50<>"","Yardi","N/A"))),INDEX([1]!Output_Analysis_Data__2[Info Source],ROW()-2))} -> CoStar | O50: {=IF($M$1="Manual",'[1]Sale Comps'!BY50,INDEX([1]!Output_Analysis_Data__2[Property Name],ROW()-2))} -> Radford Place | P50: =IFERROR(Y50/U50,"") -> 194444.44 | Q50: {=IF($M$1="Manual",IFERROR(INDEX(CoStarSaleAddress,MATCH(O50,CoStarSaleName,0)),INDEX(YardiSaleAddress,MATCH(O50,YardiSaleName,0))),INDEX([1]!Output_Analysis_Data__2[Property Address],ROW()-2))} -> 3922 Evergreen St | R50: {=IF($M$1="Manual",IFERROR(INDEX(CoStarSaleCity,MATCH(O50,CoStarSaleName,0)),INDEX(YardiSaleCity,MATCH(O50,YardiSaleName,0))),INDEX([1]!Output_Analysis_Data__2[City],ROW()-2))} -> Irving | S50: {=IF($M$1="Manual",IFERROR(INDEX(CoStarSaleState,MATCH(O50,CoStarSaleName,0)),INDEX(YardiSaleState,MATCH(O50,YardiSaleName,0))),INDEX([1]!Output_Analysis_Data__2[State],ROW()-2))} -> TX | T50: {=IF($M$1="Manual",IFERROR(INDEX(CoStarSaleZipcodes,MATCH(O50,CoStarSaleName,0)),INDEX(YardiSaleZipcodes,MATCH(O50,YardiSaleName,0))),INDEX([1]!Output_Analysis_Data__2[ZIP],ROW()-2))} -> 75061 | U50: {=IF($M$1="Manual",IFERROR(INDEX(CoStarSaleUnits,MATCH(O50,CoStarSaleName,0)),INDEX(YardiSaleUnits,MATCH(O50,YardiSaleName,0))),INDEX([1]!Output_Analysis_Data__2[Unit Count],ROW()-2))} -> 27 | V50: {=IF($M$1="Manual","",INDEX([1]!Output_Analysis_Data__2[Distance (mi.)],ROW()-2))} -> 27.413527 | W50: {=IF($M$1="Manual",IFERROR(INDEX(CoStarSaleAvgUnitSize,MATCH(O50,CoStarSaleName,0)),INDEX(YardiSaleAvgUnitSize,MATCH(O50,YardiSaleName,0))),INDEX([1]!Output_Analysis_Data__2[Avg Unit SF],ROW()-2))} -> 1174 | X50: {=IF($M$1="Manual",IFERROR(INDEX(CoStarSaleYearBuilt,MATCH(O50,CoStarSaleName,0)),INDEX(YardiSaleYearBuilt,MATCH(O50,YardiSaleName,0))),INDEX([1]!Output_Analysis_Data__2[Year Built],ROW()-2))} -> 1986 | Y50: {=IF($M$1="Manual",IF(AA50<>"",AA50,IF(AB50<>"",AB50,IF(AC50<>"",AC50,""))),INDEX([1]!Output_Analysis_Data__2[Sold Price],ROW()-2))} -> 5250000 | Z50: {=IF($M$1="Manual",IFERROR(INDEX(CoStarSaleDate,MATCH(O50,CoStarSaleName,0)),INDEX(YardiSaleDate,MATCH(O50,YardiSaleName,0))),INDEX([1]!Output_Analysis_Data__2[Sale Date],ROW()-2))} -> 45572 | AA50: =IFERROR(INDEX('[1]Agency Loan-Sale Comps'!$J$16:$J$37,MATCH('Comparable Grid'!AD50,'[1]Agency Loan-Sale Comps'!$A$16:$A$37,0),0),"") | AB50: =IFERROR(IF(INDEX(CoStarSalePriceTotal,MATCH(AD50,CoStarSaleCompLookup,0),0)=0,"",INDEX(CoStarSalePriceTotal,MATCH(AD50,CoStarSaleCompLookup,0),0)),"") | AC50: =IFERROR(IF(INDEX(YardiSalePriceTotal,MATCH(AD50,YardiSaleCompLookup,0),0)=0,"",INDEX(YardiSalePriceTotal,MATCH(AD50,YardiSaleCompLookup,0),0)),"") | AD50: =LEFT(Q50,FIND(" ",Q50,1)) -> 3922 | AE50: =AE49&IF($L50="x","x","") -> xxxxxx
M51: =IF($M$1="Manual",IF(Y51="","No Sale Price Disclosed!",""),"") | N51: {=IF($M$1="Manual",IF(AA51<>"","Freddie/Fannie",IF(AB51<>"","CoStar",IF(AC51<>"","Yardi","N/A"))),INDEX([1]!Output_Analysis_Data__2[Info Source],ROW()-2))} -> Yardi | O51: {=IF($M$1="Manual",'[1]Sale Comps'!BY51,INDEX([1]!Output_Analysis_Data__2[Property Name],ROW()-2))} -> Rolling Hills | P51: =IFERROR(Y51/U51,"") -> 145500 | Q51: {=IF($M$1="Manual",IFERROR(INDEX(CoStarSaleAddress,MATCH(O51,CoStarSaleName,0)),INDEX(YardiSaleAddress,MATCH(O51,YardiSaleName,0))),INDEX([1]!Output_Analysis_Data__2[Property Address],ROW()-2))} -> 2010 Estrada Pkwy | R51: {=IF($M$1="Manual",IFERROR(INDEX(CoStarSaleCity,MATCH(O51,CoStarSaleName,0)),INDEX(YardiSaleCity,MATCH(O51,YardiSaleName,0))),INDEX([1]!Output_Analysis_Data__2[City],ROW()-2))} -> Irving | S51: {=IF($M$1="Manual",IFERROR(INDEX(CoStarSaleState,MATCH(O51,CoStarSaleName,0)),INDEX(YardiSaleState,MATCH(O51,YardiSaleName,0))),INDEX([1]!Output_Analysis_Data__2[State],ROW()-2))} -> TX | T51: {=IF($M$1="Manual",IFERROR(INDEX(CoStarSaleZipcodes,MATCH(O51,CoStarSaleName,0)),INDEX(YardiSaleZipcodes,MATCH(O51,YardiSaleName,0))),INDEX([1]!Output_Analysis_Data__2[ZIP],ROW()-2))} -> 75061 | U51: {=IF($M$1="Manual",IFERROR(INDEX(CoStarSaleUnits,MATCH(O51,CoStarSaleName,0)),INDEX(YardiSaleUnits,MATCH(O51,YardiSaleName,0))),INDEX([1]!Output_Analysis_Data__2[Unit Count],ROW()-2))} -> 180 | V51: {=IF($M$1="Manual","",INDEX([1]!Output_Analysis_Data__2[Distance (mi.)],ROW()-2))} -> 27.532003 | W51: {=IF($M$1="Manual",IFERROR(INDEX(CoStarSaleAvgUnitSize,MATCH(O51,CoStarSaleName,0)),INDEX(YardiSaleAvgUnitSize,MATCH(O51,YardiSaleName,0))),INDEX([1]!Output_Analysis_Data__2[Avg Unit SF],ROW()-2))} -> 791 | X51: {=IF($M$1="Manual",IFERROR(INDEX(CoStarSaleYearBuilt,MATCH(O51,CoStarSaleName,0)),INDEX(YardiSaleYearBuilt,MATCH(O51,YardiSaleName,0))),INDEX([1]!Output_Analysis_Data__2[Year Built],ROW()-2))} -> 1980 | Y51: {=IF($M$1="Manual",IF(AA51<>"",AA51,IF(AB51<>"",AB51,IF(AC51<>"",AC51,""))),INDEX([1]!Output_Analysis_Data__2[Sold Price],ROW()-2))} -> 26190000 | Z51: {=IF($M$1="Manual",IFERROR(INDEX(CoStarSaleDate,MATCH(O51,CoStarSaleName,0)),INDEX(YardiSaleDate,MATCH(O51,YardiSaleName,0))),INDEX([1]!Output_Analysis_Data__2[Sale Date],ROW()-2))} -> 45911 | AA51: =IFERROR(INDEX('[1]Agency Loan-Sale Comps'!$J$16:$J$37,MATCH('Comparable Grid'!AD51,'[1]Agency Loan-Sale Comps'!$A$16:$A$37,0),0),"") | AB51: =IFERROR(IF(INDEX(CoStarSalePriceTotal,MATCH(AD51,CoStarSaleCompLookup,0),0)=0,"",INDEX(CoStarSalePriceTotal,MATCH(AD51,CoStarSaleCompLookup,0),0)),"") | AC51: =IFERROR(IF(INDEX(YardiSalePriceTotal,MATCH(AD51,YardiSaleCompLookup,0),0)=0,"",INDEX(YardiSalePriceTotal,MATCH(AD51,YardiSaleCompLookup,0),0)),"") | AD51: =LEFT(Q51,FIND(" ",Q51,1)) -> 2010 | AE51: =AE50&IF($L51="x","x","") -> xxxxxx
M52: =IF($M$1="Manual",IF(Y52="","No Sale Price Disclosed!",""),"") | N52: {=IF($M$1="Manual",IF(AA52<>"","Freddie/Fannie",IF(AB52<>"","CoStar",IF(AC52<>"","Yardi","N/A"))),INDEX([1]!Output_Analysis_Data__2[Info Source],ROW()-2))} -> Freddie | O52: {=IF($M$1="Manual",'[1]Sale Comps'!BY52,INDEX([1]!Output_Analysis_Data__2[Property Name],ROW()-2))} -> Villa La Paz | P52: =IFERROR(Y52/U52,"") -> 144155.84 | Q52: {=IF($M$1="Manual",IFERROR(INDEX(CoStarSaleAddress,MATCH(O52,CoStarSaleName,0)),INDEX(YardiSaleAddress,MATCH(O52,YardiSaleName,0))),INDEX([1]!Output_Analysis_Data__2[Property Address],ROW()-2))} -> 3200 West Pioneer Drive | R52: {=IF($M$1="Manual",IFERROR(INDEX(CoStarSaleCity,MATCH(O52,CoStarSaleName,0)),INDEX(YardiSaleCity,MATCH(O52,YardiSaleName,0))),INDEX([1]!Output_Analysis_Data__2[City],ROW()-2))} -> Irving | S52: {=IF($M$1="Manual",IFERROR(INDEX(CoStarSaleState,MATCH(O52,CoStarSaleName,0)),INDEX(YardiSaleState,MATCH(O52,YardiSaleName,0))),INDEX([1]!Output_Analysis_Data__2[State],ROW()-2))} -> TX | T52: {=IF($M$1="Manual",IFERROR(INDEX(CoStarSaleZipcodes,MATCH(O52,CoStarSaleName,0)),INDEX(YardiSaleZipcodes,MATCH(O52,YardiSaleName,0))),INDEX([1]!Output_Analysis_Data__2[ZIP],ROW()-2))} -> 75061 | U52: {=IF($M$1="Manual",IFERROR(INDEX(CoStarSaleUnits,MATCH(O52,CoStarSaleName,0)),INDEX(YardiSaleUnits,MATCH(O52,YardiSaleName,0))),INDEX([1]!Output_Analysis_Data__2[Unit Count],ROW()-2))} -> 77 | V52: {=IF($M$1="Manual","",INDEX([1]!Output_Analysis_Data__2[Distance (mi.)],ROW()-2))} -> 28.09156 | W52: {=IF($M$1="Manual",IFERROR(INDEX(CoStarSaleAvgUnitSize,MATCH(O52,CoStarSaleName,0)),INDEX(YardiSaleAvgUnitSize,MATCH(O52,YardiSaleName,0))),INDEX([1]!Output_Analysis_Data__2[Avg Unit SF],ROW()-2))} -> 882 | X52: {=IF($M$1="Manual",IFERROR(INDEX(CoStarSaleYearBuilt,MATCH(O52,CoStarSaleName,0)),INDEX(YardiSaleYearBuilt,MATCH(O52,YardiSaleName,0))),INDEX([1]!Output_Analysis_Data__2[Year Built],ROW()-2))} -> 1973 | Y52: {=IF($M$1="Manual",IF(AA52<>"",AA52,IF(AB52<>"",AB52,IF(AC52<>"",AC52,""))),INDEX([1]!Output_Analysis_Data__2[Sold Price],ROW()-2))} -> 11100000 | Z52: {=IF($M$1="Manual",IFERROR(INDEX(CoStarSaleDate,MATCH(O52,CoStarSaleName,0)),INDEX(YardiSaleDate,MATCH(O52,YardiSaleName,0))),INDEX([1]!Output_Analysis_Data__2[Sale Date],ROW()-2))} -> 45370 | AA52: =IFERROR(INDEX('[1]Agency Loan-Sale Comps'!$J$16:$J$37,MATCH('Comparable Grid'!AD52,'[1]Agency Loan-Sale Comps'!$A$16:$A$37,0),0),"") | AB52: =IFERROR(IF(INDEX(CoStarSalePriceTotal,MATCH(AD52,CoStarSaleCompLookup,0),0)=0,"",INDEX(CoStarSalePriceTotal,MATCH(AD52,CoStarSaleCompLookup,0),0)),"") | AC52: =IFERROR(IF(INDEX(YardiSalePriceTotal,MATCH(AD52,YardiSaleCompLookup,0),0)=0,"",INDEX(YardiSalePriceTotal,MATCH(AD52,YardiSaleCompLookup,0),0)),"") | AD52: =LEFT(Q52,FIND(" ",Q52,1)) -> 3200 | AE52: =AE51&IF($L52="x","x","") -> xxxxxx
L54: Map Maker | M54: https://www.mapcustomizer.com/ | U54: Bing Maps
L55: Marker | M55: Street Address | N55: City | O55: State | P55: Zip | Q55: latitude | R55: longitude | S55: formattedAddress | T55: road | U55: Address | V55: Subject | W55: Comp 1 | X55: Comp 2 | Y55: Comp 3 | Z55: Comp 4 | AA55: Comp 5
L56: Subject | M56: =D10 -> 4639 Williams Rd | N56: =D11 -> Benbrook | O56: =D12 -> TX | P56: =D13 -> 76116 | Q56: 29.508884 | R56: -98.554644 | S56: Callaghan Road, San Antonio, Bexar County, Texas, 78229, USA | T56: Callaghan Road | U56: =M56&", "&N56&", "&O56&" "&P56 -> 4639 Williams Rd, Benbrook, TX 76116 | V56: 1 | W56: 0 | X56: 0 | Y56: 0 | Z56: 0 | AA56: 0
L57: Comp 1 | M57: =IFERROR(LEFT(E10,FIND("(Part",E10,1)-2),E10) -> 3500 Renzel Blvd | N57: =E11 -> Fort Worth | O57: =E12 -> TX | P57: =E13 -> 76116 | Q57: 29.489943 | R57: -98.576297 | S57: Northwest Loop 410, San Antonio, Bexar County, Texas, 78229, USA | T57: Northwest Loop 410 | U57: =M57&", "&N57&", "&O57&" "&P57 -> 3500 Renzel Blvd, Fort Worth, TX 76116 | V57: 0 | W57: 1 | X57: 0 | Y57: 0 | Z57: 0 | AA57: 0
L58: Comp 2 | M58: =IFERROR(LEFT(F10,FIND("(Part",F10,1)-2),F10) -> 9001 South Normandale Street | N58: =F11 -> Fort Worth | O58: =F12 -> TX | P58: =F13 -> 76116 | Q58: 29.506084 | R58: -98.572016 | S58: Louis Pasteur Drive, South Texas Medical Center, San Antonio, Bexar County, Texas, 78229, USA | T58: Louis Pasteur Drive | U58: =M58&", "&N58&", "&O58&" "&P58 -> 9001 South Normandale Street, Fort Worth, TX 76116 | V58: 0 | W58: 0 | X58: 1 | Y58: 0 | Z58: 0 | AA58: 0
L59: Comp 3 | M59: =IFERROR(LEFT(G10,FIND("(Part",G10,1)-2),G10) -> 2925 West Normandale Street | N59: =G11 -> Fort Worth | O59: =G12 -> TX | P59: =G13 -> 76116 | Q59: 29.508884 | R59: -98.554644 | S59: Callaghan Road, San Antonio, Bexar County, Texas, 78229, USA | T59: Callaghan Road | U59: =M59&", "&N59&", "&O59&" "&P59 -> 2925 West Normandale Street, Fort Worth, TX 76116 | V59: 0 | W59: 0 | X59: 0 | Y59: 1 | Z59: 0 | AA59: 0
L60: Comp 4 | M60: =IFERROR(LEFT(H10,FIND("(Part",H10,1)-2),H10) -> 2109 Remington Street | N60: =H11 -> Fort Worth | O60: =H12 -> TX | P60: =H13 -> 76116 | Q60: 29.489462 | R60: -98.59109 | S60: Glen Ridge Drive, San Antonio, Bexar County, Texas, 78229, USA | T60: Glen Ridge Drive | U60: =M60&", "&N60&", "&O60&" "&P60 -> 2109 Remington Street, Fort Worth, TX 76116 | V60: 0 | W60: 0 | X60: 0 | Y60: 0 | Z60: 1 | AA60: 0
L61: Comp 5 | M61: =IFERROR(LEFT(I10,FIND("(Part",I10,1)-2),I10) -> 4727 Wellesley Avenue | N61: =I11 -> Fort Worth | O61: =I12 -> TX | P61: =I13 -> 76107 | Q61: 29.512999 | R61: -98.569235 | S61: Fredericksburg Road, San Antonio, Bexar County, Texas, 78229, USA | T61: Fredericksburg Road | U61: =M61&", "&N61&", "&O61&" "&P61 -> 4727 Wellesley Avenue, Fort Worth, TX 76107 | V61: 0 | W61: 0 | X61: 0 | Y61: 0 | Z61: 0 | AA61: 1
